acc_ref,beat_no,severity,no_vehicle,no_casualt,a_date,a_day,a_date_day,a_date_mon,a_date_yr,a_time_hr,a_time_min,loc_auth,road1_class,road1_no,road_type,speed_limi,junc_det,junc_ctrl,road2_class,road2_no,light_cond,weather,road_surf,spec_cond,cway_hzrds,ovrtk_patrn,easting,northing,net_id,net_type,acc_type,text_id,division,Postcode,ped_xing_hc,ped_xing_p,place_reported,Location
42112,,Slight,1,1,20/01/2012,Friday,20,January,12,8,25,230,Unclassified,,"Single carriageway - 2 lanes",30,"'T' or staggered junction","Give way sign or markings",Unclassified,,"Daylight: street lights present","Fine (without high winds)",Dry,None,None,"No overtaking",322000,676250,0,Unset,Pedestrian,354405,unset,EH44HP,"No crossing facility within 50m or physical crossing facility not controlled by authorised person","No physical crossing facility within 50m","At scene","55.97288,-3.25135"
42312,,Slight,3,2,21/01/2012,Saturday,21,January,12,14,0,230,Unclassified,,"Single carriageway - 2 lanes",30,"Not at or within 20 metres of junction",unset,"\",,"Daylight: street lights present","Fine (without high winds)",Dry,None,None,"No overtaking",323750,675880,0,Unset,M.V.N.P.,354406,unset,EH52DL,"No crossing facility within 50m or physical crossing facility not controlled by authorised person","No physical crossing facility within 50m","At scene","55.96984,-3.22321"
43612,,Slight,1,1,20/01/2012,Friday,20,January,12,21,0,230,Unclassified,,"Single carriageway - 2 lanes",30,"Not at or within 20 metres of junction",unset,"\",,"Darkness: street lights present and lit","Fine (without high winds)",Dry,None,None,"No overtaking",320270,669810,565043,Segment,Cyclist,354407,unset,EH143AQ,"No crossing facility within 50m or physical crossing facility not controlled by authorised person","No physical crossing facility within 50m","At scene","55.91476,-3.27715"
43912,,Slight,1,1,22/01/2012,Sunday,22,January,12,18,30,230,Unclassified,,"Single carriageway - 2 lanes",30,"'T' or staggered junction","Give way sign or markings",Unclassified,,"Darkness: street lights present and lit","Fine (without high winds)",Dry,None,None,"No overtaking",326760,676230,0,Unset,Pedestrian,354408,unset,EH65LJ,"No crossing facility within 50m or physical crossing facility not controlled by authorised person","No physical crossing facility within 50m","At scene","55.97345,-3.1751"
44912,,Serious,2,1,20/01/2012,Friday,20,January,12,7,30,230,A,90,"Single carriageway - 2 lanes",40,"Not at or within 20 metres of junction",unset,"\",,"Darkness: street lights present and lit","Fine (without high winds)",Dry,None,None,"No overtaking",321720,674800,555525,Segment,Cyclist,354409,unset,EH42AG,"No crossing facility within 50m or physical crossing facility not controlled by authorised person","Pedestrian phase at traffic signal junction",Elsewhere,"55.95982,-3.25541"
45012,,Slight,2,1,23/01/2012,Monday,23,January,12,11,40,230,A,8,"Dual carriageway - 2 lanes",30,"Other junction","Give way sign or markings",Unclassified,,"Daylight: street lights present","Fine (without high winds)",Dry,None,None,"No overtaking",325810,674000,520635,Junction,Bus,354410,unset,EH22AN,"No crossing facility within 50m or physical crossing facility not controlled by authorised person","Central refuge - no other controls","At scene","55.95328,-3.1897"
45212,,Slight,1,1,23/01/2012,Monday,23,January,12,9,0,230,Unclassified,,"One way Street",30,"Not at or within 20 metres of junction",unset,"\",,"Daylight: street lights present","Fine (without high winds)",Dry,None,None,"No overtaking",326690,672300,566267,Segment,Pedestrian,354411,unset,EH165AA,"No crossing facility within 50m or physical crossing facility not controlled by authorised person","No physical crossing facility within 50m","At scene","55.93815,-3.17515"
46212,,Slight,2,1,18/01/2012,Wednesday,18,January,12,14,30,230,Unclassified,,"Single carriageway - 2 lanes",30,"'T' or staggered junction","Give way sign or markings",Unclassified,,"Daylight: street lights present","Fine (without high winds)",Dry,None,None,"No overtaking",326370,672950,532747,Junction,Cyclist,354412,unset,EH89SN,"No crossing facility within 50m or physical crossing facility not controlled by authorised person","Pelican, puffin, toucan or similar non-junction pedestrian light crossing","At scene","55.94394,-3.18045"
47212,,Slight,1,1,21/01/2012,Saturday,21,January,12,16,0,230,B,901,"Single carriageway - 2 lanes",30,Crossroads,"Automatic Traffic Signal",Unclassified,,"Daylight: street lights present","Fine (without high winds)",Dry,None,None,"No overtaking",325400,675010,519819,Junction,Pedestrian,354413,unset,EH74EN,"No crossing facility within 50m or physical crossing facility not controlled by authorised person","Pedestrian phase at traffic signal junction","At scene","55.96229,-3.19654"
48012,,Slight,2,2,24/01/2012,Tuesday,24,January,12,11,0,230,C,,"Single carriageway - 2 lanes",30,"Other junction","Automatic Traffic Signal",C,,"Daylight: no street lighting","Raining (without high winds)",Dry,None,None,"No overtaking",325620,673580,521124,Junction,T.V.N.P.,354414,unset,EH12NT,"No crossing facility within 50m or physical crossing facility not controlled by authorised person","Pedestrian phase at traffic signal junction","At scene","55.94948,-3.19262"
48112,,Slight,2,1,23/01/2012,Monday,23,January,12,18,50,230,Unclassified,,"Single carriageway - 2 lanes",30,"Not at or within 20 metres of junction",unset,"\",,"Darkness: street lights present and lit","Fine (without high winds)",Dry,None,None,"No overtaking",319370,672730,551794,Segment,Cyclist,354415,unset,EH127UJ,"No crossing facility within 50m or physical crossing facility not controlled by authorised person","No physical crossing facility within 50m",Elsewhere,"55.94084,-3.29242"
48812,,Slight,2,1,23/01/2012,Monday,23,January,12,8,35,230,A,900,"Single carriageway - 2 lanes",30,"Other junction","Give way sign or markings",Unclassified,,"Daylight: street lights present","Fine (without high winds)",Dry,None,None,"No overtaking",326080,674450,520665,Junction,Cyclist,354416,unset,EH13NQ,"No crossing facility within 50m or physical crossing facility not controlled by authorised person","Pedestrian phase at traffic signal junction",Elsewhere,"55.95737,-3.1855"
51212,,Slight,1,1,23/01/2012,Monday,23,January,12,16,40,230,Unclassified,,"Single carriageway - 2 lanes",30,"Not at or within 20 metres of junction",unset,"\",,"Darkness: street lights present and lit","Fine (without high winds)",Dry,None,None,"No overtaking",319330,672900,551757,Segment,Pedestrian,354417,unset,EH127TZ,"No crossing facility within 50m or physical crossing facility not controlled by authorised person","Pedestrian phase at traffic signal junction","At scene","55.94236,-3.29311"
51412,,Slight,1,1,25/01/2012,Wednesday,25,January,12,16,0,230,A,702,"Single carriageway - 2 lanes",30,"Other junction","Give way sign or markings",Unclassified,,"Darkness: street lights present and lit","Fine with high winds",Dry,None,None,"No overtaking",324590,672120,522027,Junction,Pedestrian,354418,unset,EH104EB,"No crossing facility within 50m or physical crossing facility not controlled by authorised person","No physical crossing facility within 50m","At scene","55.9362,-3.2087"
52512,,Serious,2,1,16/01/2012,Monday,16,January,12,17,30,230,Unclassified,,"Single carriageway - 2 lanes",30,Crossroads,"Give way sign or markings",C,,"Darkness: street lights present but unlit","Fine (without high winds)",Dry,None,None,"No overtaking",325480,672120,522048,Junction,Cyclist,354419,unset,EH91HR,"Control by other authorised person","Pedestrian phase at traffic signal junction",Elsewhere,"55.93634,-3.19446"
53012,,Slight,1,1,26/01/2012,Thursday,26,January,12,9,19,230,Unclassified,,"Single carriageway - 2 lanes",60,"Not at or within 20 metres of junction",unset,"\",,"Daylight: street lights present","Fine (without high winds)",Dry,None,None,"No overtaking",314410,675670,0,Unset,S.V.N.P.,354420,unset,EH299EH,"No crossing facility within 50m or physical crossing facility not controlled by authorised person","No physical crossing facility within 50m","At scene","55.96638,-3.37274"
54112,,Slight,2,1,27/01/2012,Friday,27,January,12,9,0,230,A,8,"Single carriageway - 2 lanes",30,"'T' or staggered junction","Give way sign or markings",C,,"Daylight: street lights present","Fine (without high winds)",Dry,None,None,"No overtaking",321490,673000,521754,Junction,Cyclist,354421,unset,EH126TY,"No crossing facility within 50m or physical crossing facility not controlled by authorised person","No physical crossing facility within 50m","At scene","55.94361,-3.25857"
54912,,Serious,1,1,26/01/2012,Thursday,26,January,12,18,20,230,Unclassified,,"Single carriageway - 2 lanes",30,"Not at or within 20 metres of junction",unset,"\",,"Darkness: street lights present and lit","Fine with high winds",Dry,None,None,"No overtaking",327530,675230,557464,Segment,Pedestrian,354422,unset,EH68BU,"No crossing facility within 50m or physical crossing facility not controlled by authorised person","No physical crossing facility within 50m","At scene","55.9646,-3.16249"
56512,,Slight,1,1,27/01/2012,Friday,27,January,12,17,30,230,Unclassified,,"Single carriageway - 2 lanes",30,"Not at or within 20 metres of junction",unset,"\",,"Daylight: street lights present",Unknown,Dry,None,None,"No overtaking",322840,670780,554732,Segment,Pedestrian,354423,unset,EH141BY,"No crossing facility within 50m or physical crossing facility not controlled by authorised person","No physical crossing facility within 50m",Elsewhere,"55.92389,-3.23633"
57212,,Slight,1,1,28/01/2012,Saturday,28,January,12,22,0,230,Unclassified,,"Single carriageway - 2 lanes",30,"Not at or within 20 metres of junction",unset,"\",,"Darkness: street lights present and lit",Other,Dry,None,None,"No overtaking",330160,674300,0,Unset,Pedestrian,354424,unset,EH151UD,"No crossing facility within 50m or physical crossing facility not controlled by authorised person","No physical crossing facility within 50m",Elsewhere,"55.95663,-3.12012"
58312,,Slight,2,2,29/01/2012,Sunday,29,January,12,21,0,230,C,,"Single carriageway - 2 lanes",30,"'T' or staggered junction","Give way sign or markings",Unclassified,,"Darkness: street lights present and lit","Fine (without high winds)",Dry,None,None,"No overtaking",323250,676890,519004,Junction,T.V.N.P.,354425,unset,EH51PF,"No crossing facility within 50m or physical crossing facility not controlled by authorised person","No physical crossing facility within 50m","At scene","55.97883,-3.23151"
58512,,Slight,1,1,29/01/2012,Sunday,29,January,12,2,15,230,A,900,"Dual carriageway - 2 lanes",30,"Not at or within 20 metres of junction",unset,"\",,"Darkness: street lights present and lit","Fine (without high winds)",Dry,None,None,"No overtaking",325920,674100,558533,Segment,Bus,354426,unset,EH13SJ,"No crossing facility within 50m or physical crossing facility not controlled by authorised person","No physical crossing facility within 50m","At scene","55.9542,-3.18797"
58812,,Slight,2,1,28/01/2012,Saturday,28,January,12,19,10,230,A,720,"Dual carriageway - 2 lanes",70,"Not at or within 20 metres of junction",unset,"\",,"Darkness: no street lighting","Fine (without high winds)",Dry,None,"Involvement with previous accident","No overtaking",319810,669480,2579027,Segment,T.V.N.P.,354427,unset,EH143BT,"No crossing facility within 50m or physical crossing facility not controlled by authorised person","No physical crossing facility within 50m","At scene","55.91171,-3.28441"
60812,,Serious,2,1,30/01/2012,Monday,30,January,12,15,0,230,A,70,"Single carriageway - 2 lanes",30,"'T' or staggered junction","Automatic Traffic Signal",C,,"Daylight: no street lighting","Fine (without high winds)",Dry,None,None,"No overtaking",322210,670830,529735,Junction,T.V.N.P.,354428,unset,EH141LS,"Control by other authorised person","Pedestrian phase at traffic signal junction","At scene","55.92424,-3.24642"
62512,,Slight,2,1,03/01/2012,Tuesday,3,January,12,13,30,230,A,900,"Dual carriageway - 2 lanes",30,"Not at or within 20 metres of junction",unset,"\",,"Daylight: street lights present","Fine (without high winds)",Dry,None,None,"No overtaking",326680,675350,558473,Segment,Bus,354429,unset,EH65BX,"No crossing facility within 50m or physical crossing facility not controlled by authorised person","No physical crossing facility within 50m",Elsewhere,"55.96555,-3.17614"
64312,,Slight,2,1,09/01/2012,Monday,9,January,12,8,15,230,Unclassified,,"Single carriageway - 2 lanes",30,"Multiple junction","Give way sign or markings",Unclassified,,"Darkness: street lights present but unlit","Fine (without high winds)",Dry,None,None,"No overtaking",320110,671950,0,Unset,T.V.N.P.,354430,unset,EH127LY,"No crossing facility within 50m or physical crossing facility not controlled by authorised person","No physical crossing facility within 50m",Elsewhere,"55.93395,-3.28034"
64412,,Slight,3,1,01/02/2012,Wednesday,1,February,12,12,10,230,A,199,"Single carriageway - 2 lanes",40,"Other junction","Give way sign or markings",Unclassified,,"Daylight: no street lighting","Fine (without high winds)",Dry,None,None,"No overtaking",329680,674920,522489,Junction,M.V.N.P.,356784,unset,EH151ED,"No crossing facility within 50m or physical crossing facility not controlled by authorised person","No physical crossing facility within 50m","At scene","55.96213,-3.12797"
64812,,Serious,1,1,01/02/2012,Wednesday,1,February,12,10,0,230,Unclassified,,"Single carriageway - 2 lanes",30,"'T' or staggered junction","Give way sign or markings",Unclassified,,"Daylight: no street lighting","Fine (without high winds)",Dry,None,None,"No overtaking",326140,676350,532552,Junction,Pedestrian,356785,unset,EH64ET,"No crossing facility within 50m or physical crossing facility not controlled by authorised person","Pedestrian phase at traffic signal junction","At scene","55.97444,-3.18506"
65812,,Slight,1,1,27/01/2012,Friday,27,January,12,12,35,230,C,,"Single carriageway - 2 lanes",30,"Not at or within 20 metres of junction",unset,"\",,"Daylight: no street lighting","Fine (without high winds)",Dry,None,None,"No overtaking",326980,674840,2106481,Segment,Pedestrian,354431,unset,EH75QE,"Control by other authorised person","Pelican, puffin, toucan or similar non-junction pedestrian light crossing","At scene","55.96101,-3.17119"
67612,,Slight,2,1,02/02/2012,Thursday,2,February,12,18,20,230,C,,"Single carriageway - 2 lanes",30,Crossroads,"Automatic Traffic Signal",B,701,"Darkness: street lights present and lit","Fine (without high winds)",Dry,None,None,"No overtaking",328270,668480,530308,Junction,T.V.N.P.,356787,unset,EH166QT,"No crossing facility within 50m or physical crossing facility not controlled by authorised person","Pelican, puffin, toucan or similar non-junction pedestrian light crossing","At scene","55.90407,-3.14884"
67712,,Serious,1,1,02/02/2012,Thursday,2,February,12,17,30,230,A,1140,"Single carriageway - 2 lanes",30,"Not at or within 20 metres of junction",unset,"\",,"Darkness: street lights present and lit","Fine (without high winds)",Dry,None,None,"No overtaking",328840,674190,554894,Segment,Pedestrian,356788,unset,EH87BJ,"No crossing facility within 50m or physical crossing facility not controlled by authorised person","Pelican, puffin, toucan or similar non-junction pedestrian light crossing","At scene","55.95545,-3.14123"
67912,,Slight,2,1,02/02/2012,Thursday,2,February,12,18,25,230,A,901,"Single carriageway - 2 lanes",30,"Multiple junction","Automatic Traffic Signal",A,900,"Darkness: street lights present and lit","Fine (without high winds)",Dry,None,None,"No overtaking",326940,675920,522483,Junction,Cyclist,356789,unset,EH65HX,"No crossing facility within 50m or physical crossing facility not controlled by authorised person","Pedestrian phase at traffic signal junction",Elsewhere,"55.97071,-3.17213"
69512,,Slight,2,1,03/02/2012,Friday,3,February,12,8,55,230,A,71,"Single carriageway - 2 lanes",50,"Not at or within 20 metres of junction",unset,"\",,"Daylight: no street lighting","Fine (without high winds)",Dry,None,None,"No overtaking",314390,669130,549671,Segment,T.V.N.P.,356790,unset,EH278EB,"No crossing facility within 50m or physical crossing facility not controlled by authorised person","No physical crossing facility within 50m",Elsewhere,"55.90764,-3.37098"
69812,,Serious,2,1,31/01/2012,Tuesday,31,January,12,9,45,230,Unclassified,,"Single carriageway - 2 lanes",30,"'T' or staggered junction","Automatic Traffic Signal",Unclassified,,"Daylight: no street lighting",Unknown,Dry,None,None,"No overtaking",327260,671730,530389,Junction,Cyclist,354432,unset,EH165DT,"No crossing facility within 50m or physical crossing facility not controlled by authorised person","No physical crossing facility within 50m",Elsewhere,"55.93311,-3.16587"
69912,,Slight,2,1,03/02/2012,Friday,3,February,12,12,30,230,A,70,"Single carriageway - 2 lanes",30,"Not at or within 20 metres of junction",unset,"\",,"Daylight: street lights present","Fine (without high winds)",Dry,None,None,"No overtaking",318940,668120,561628,Segment,T.V.N.P.,356791,unset,EH145JY,"No crossing facility within 50m or physical crossing facility not controlled by authorised person","No physical crossing facility within 50m","At scene","55.89935,-3.29792"
70112,,Slight,2,1,02/02/2012,Thursday,2,February,12,18,30,230,Unclassified,,"Single carriageway - 2 lanes",30,Crossroads,"Give way sign or markings",Unclassified,,"Darkness: street lights present and lit","Fine (without high winds)",Dry,None,None,"No overtaking",326170,673290,0,Unset,Cyclist,356792,unset,EH89SX,"No crossing facility within 50m or physical crossing facility not controlled by authorised person","No physical crossing facility within 50m",Elsewhere,"55.94696,-3.18374"
70712,,Slight,1,1,03/02/2012,Friday,3,February,12,12,20,230,A,70,"Single carriageway - 2 lanes",30,Crossroads,"Automatic Traffic Signal",A,70,"Daylight: street lights present","Fine (without high winds)",Dry,None,None,"No overtaking",323450,672240,521991,Junction,Bus,356793,unset,EH111NX,"No crossing facility within 50m or physical crossing facility not controlled by authorised person","Pelican, puffin, toucan or similar non-junction pedestrian light crossing",Elsewhere,"55.9371,-3.22698"
70812,,Slight,2,1,03/02/2012,Friday,3,February,12,20,0,230,C,,"Single carriageway - 2 lanes",30,"Not at or within 20 metres of junction",unset,"\",,"Darkness: street lights present and lit",Other,Dry,"Road works present",None,"No overtaking",322740,672740,559290,Segment,T.V.N.P.,356794,unset,EH125NB,"No crossing facility within 50m or physical crossing facility not controlled by authorised person","No physical crossing facility within 50m","At scene","55.94148,-3.23849"
72212,,Serious,2,2,04/02/2012,Saturday,4,February,12,4,30,230,A,71,"Dual carriageway - 2 lanes",40,Roundabout,"Give way sign or markings",C,,"Darkness: street lights present and lit","Fine (without high winds)",Dry,None,None,"No overtaking",320680,671100,529513,Junction,T.V.N.P.,356795,unset,EH113RQ,"No crossing facility within 50m or physical crossing facility not controlled by authorised person","No physical crossing facility within 50m","At scene","55.92641,-3.27097"
72312,,Slight,1,1,04/02/2012,Saturday,4,February,12,17,20,230,Unclassified,,"Single carriageway - 2 lanes",30,"'T' or staggered junction","Automatic Traffic Signal",Unclassified,,"Darkness: street lights present and lit","Fine (without high winds)",Dry,None,None,"No overtaking",322360,671100,523488,Junction,Pedestrian,356796,unset,EH141QA,"No crossing facility within 50m or physical crossing facility not controlled by authorised person","Pedestrian phase at traffic signal junction","At scene","55.92669,-3.2441"
72512,,Slight,2,1,03/02/2012,Friday,3,February,12,16,30,230,Unclassified,,"Single carriageway - 2 lanes",30,"Not at or within 20 metres of junction",unset,"\",,"Daylight: street lights present","Fine (without high winds)",Dry,None,None,"No overtaking",328700,671480,0,Unset,Cyclist,356797,unset,EH164BT,"No crossing facility within 50m or physical crossing facility not controlled by authorised person","No physical crossing facility within 50m",Elsewhere,"55.93108,-3.14276"
72712,,Slight,1,1,04/02/2012,Saturday,4,February,12,14,41,230,Unclassified,,"Single carriageway - 2 lanes",30,"Other junction","Give way sign or markings",B,701,"Daylight: street lights present","Raining (without high winds)",Dry,None,None,"No overtaking",327750,668200,530296,Junction,Pedestrian,356798,unset,EH178HW,"No crossing facility within 50m or physical crossing facility not controlled by authorised person","No physical crossing facility within 50m","At scene","55.90147,-3.15708"
74112,,Slight,2,1,05/02/2012,Sunday,5,February,12,3,0,230,B,1350,"Single carriageway - 2 lanes",30,Crossroads,"Automatic Traffic Signal",C,,"Darkness: street lights present and lit",Other,Dry,None,None,"No overtaking",326930,674470,520680,Junction,Pedestrian,356799,unset,EH75AP,"No crossing facility within 50m or physical crossing facility not controlled by authorised person","No physical crossing facility within 50m","At scene","55.95768,-3.17189"
74912,,Serious,1,1,06/02/2012,Monday,6,February,12,8,50,230,A,772,"Single carriageway - 2 lanes",30,Crossroads,"Automatic Traffic Signal",A,772,"Daylight: no street lighting","Fine (without high winds)",Dry,None,None,"No overtaking",329230,668690,530257,Junction,Pedestrian,356800,unset,EH178QQ,"No crossing facility within 50m or physical crossing facility not controlled by authorised person","Pedestrian phase at traffic signal junction","At scene","55.90609,-3.13355"
75312,,Slight,3,3,06/02/2012,Monday,6,February,12,7,55,230,A,720,"Dual carriageway - 2 lanes",70,"Not at or within 20 metres of junction",unset,"\",,"Darkness: no street lighting","Fine (without high winds)",Dry,None,None,"No overtaking",322520,668040,570540,Segment,M.V.N.P.,356801,unset,EH139QP,"No crossing facility within 50m or physical crossing facility not controlled by authorised person","No physical crossing facility within 50m","At scene","55.89922,-3.24066"
75612,,Slight,2,1,06/02/2012,Monday,6,February,12,8,40,230,A,900,Roundabout,30,Roundabout,"Give way sign or markings",C,,"Daylight: no street lighting",Other,Dry,None,None,"No overtaking",325990,674350,520620,Junction,T.V.N.P.,356802,unset,EH13JT,"No crossing facility within 50m or physical crossing facility not controlled by authorised person","No physical crossing facility within 50m","At scene","55.95646,-3.18692"
75712,,Slight,2,1,29/01/2012,Sunday,29,January,12,20,30,230,C,,"Single carriageway - 2 lanes",30,"Other junction","Give way sign or markings",Unclassified,,"Darkness: street lights present and lit",Unknown,Dry,None,None,"No overtaking",320840,670990,530461,Junction,Cyclist,354433,unset,EH142AJ,"No crossing facility within 50m or physical crossing facility not controlled by authorised person","No physical crossing facility within 50m",Elsewhere,"55.92545,-3.26838"
76412,,Serious,2,1,31/01/2012,Tuesday,31,January,12,9,5,230,A,900,"Dual carriageway - 2 lanes",30,"'T' or staggered junction","Give way sign or markings",Unclassified,,"Daylight: street lights present","Fine (without high winds)",Dry,None,None,"No overtaking",326910,675820,519493,Junction,Cyclist,354434,unset,EH65AA,"No crossing facility within 50m or physical crossing facility not controlled by authorised person","Pedestrian phase at traffic signal junction",Elsewhere,"55.9698,-3.17258"
77212,,Slight,2,1,06/02/2012,Monday,6,February,12,17,20,230,A,8,"Dual carriageway - 2 lanes",40,"Not at or within 20 metres of junction",unset,"\",,"Darkness: street lights present and lit",Other,Dry,None,None,"No overtaking",317050,672490,550815,Segment,T.V.N.P.,356803,unset,EH129BQ,"No crossing facility within 50m or physical crossing facility not controlled by authorised person","No physical crossing facility within 50m",Elsewhere,"55.93829,-3.32948"
77712,,Serious,1,1,06/02/2012,Monday,6,February,12,14,30,230,A,901,"Single carriageway - 2 lanes",30,"Not at or within 20 metres of junction",unset,"\",,"Daylight: street lights present","Fine (without high winds)",Dry,None,None,"No overtaking",326920,675940,558734,Segment,Pedestrian,356804,unset,EH65HX,"No crossing facility within 50m or physical crossing facility not controlled by authorised person","No physical crossing facility within 50m","At scene","55.97088,-3.17245"
77912,,Serious,2,1,07/02/2012,Tuesday,7,February,12,9,0,230,Unclassified,,"Single carriageway - 2 lanes",30,"'T' or staggered junction","Give way sign or markings",Unclassified,,"Daylight: street lights present","Fine (without high winds)",Dry,None,None,"No overtaking",326090,672930,532711,Junction,Cyclist,356805,unset,EH89JR,"No crossing facility within 50m or physical crossing facility not controlled by authorised person","Pelican, puffin, toucan or similar non-junction pedestrian light crossing",Elsewhere,"55.94371,-3.18492"
78112,,Slight,2,1,03/02/2012,Friday,3,February,12,18,15,230,A,8,"Single carriageway - 2 lanes",30,"'T' or staggered junction","Give way sign or markings",Unclassified,,"Darkness: street lights present and lit","Fine (without high winds)",Dry,None,None,"No overtaking",319770,672970,521700,Junction,T.V.N.P.,356806,unset,EH128AY,"Control by other authorised person","Pedestrian phase at traffic signal junction","At scene","55.94306,-3.28609"
79012,,Slight,1,1,07/02/2012,Tuesday,7,February,12,11,6,230,Unclassified,,"Single carriageway - 2 lanes",20,"'T' or staggered junction","Give way sign or markings",Unclassified,,"Daylight: street lights present","Fine (without high winds)",Dry,None,None,"No overtaking",323300,669090,12227042,Junction,S.V.N.P.,356807,unset,EH139BQ,"Control by other authorised person","Pedestrian phase at traffic signal junction","At scene","55.90878,-3.22849"
79112,,Slight,1,1,07/02/2012,Tuesday,7,February,12,13,40,230,A,1,"Single carriageway - 2 lanes",30,"Not at or within 20 metres of junction",unset,"\",,"Daylight: no street lighting","Fine (without high winds)",Dry,None,None,"No overtaking",329020,673390,2106163,Segment,Bus,356808,unset,EH87QQ,"No crossing facility within 50m or physical crossing facility not controlled by authorised person","Pedestrian phase at traffic signal junction","At scene","55.94829,-3.13814"
79812,,Slight,2,5,06/02/2012,Monday,6,February,12,22,5,230,A,8,"Single carriageway - 2 lanes",30,"Not at or within 20 metres of junction",unset,"\",,"Darkness: street lights present and lit","Fine (without high winds)",Dry,None,None,"No overtaking",320980,672860,550713,Segment,T.V.N.P.,356809,unset,EH127AY,"No crossing facility within 50m or physical crossing facility not controlled by authorised person","Pelican, puffin, toucan or similar non-junction pedestrian light crossing","At scene","55.94227,-3.26669"
79912,,Fatal,1,1,07/02/2012,Tuesday,7,February,12,18,20,230,C,,"Single carriageway - 2 lanes",30,"'T' or staggered junction","Give way sign or markings",Unclassified,,"Darkness: street lights present and lit","Fine (without high winds)",Dry,None,None,"No overtaking",319900,672680,521682,Junction,Pedestrian,356810,unset,EH127SX,"Control by other authorised person","Pedestrian phase at traffic signal junction","At scene","55.94048,-3.28392"
81512,,Serious,2,1,08/02/2012,Wednesday,8,February,12,8,55,230,A,7,"Single carriageway - 2 lanes",30,Crossroads,"Automatic Traffic Signal",Unclassified,,"Daylight: street lights present","Fine (without high winds)",Dry,None,None,"No overtaking",326330,672610,532690,Junction,Cyclist,356811,unset,EH89PR,"No crossing facility within 50m or physical crossing facility not controlled by authorised person","Pedestrian phase at traffic signal junction","At scene","55.94088,-3.181"
81912,,Serious,1,1,08/02/2012,Wednesday,8,February,12,17,0,230,A,702,"Single carriageway - 2 lanes",30,"Other junction","Give way sign or markings",Unclassified,,"Daylight: street lights present","Fine (without high winds)",Dry,None,None,"No overtaking",324920,672640,533323,Junction,Pedestrian,356812,unset,EH39LH,"No crossing facility within 50m or physical crossing facility not controlled by authorised person","Pelican, puffin, toucan or similar non-junction pedestrian light crossing","At scene","55.94093,-3.20356"
82012,,Slight,1,1,08/02/2012,Wednesday,8,February,12,17,59,230,Unclassified,,"Single carriageway - 2 lanes",30,"Not at or within 20 metres of junction",unset,"\",,"Darkness: street lights present and lit","Fine (without high winds)",Dry,None,None,"No overtaking",319820,672160,0,Unset,Bus,356813,unset,EH127PB,"No crossing facility within 50m or physical crossing facility not controlled by authorised person","Pelican, puffin, toucan or similar non-junction pedestrian light crossing","At scene","55.93579,-3.28505"
82512,,Slight,1,1,06/02/2012,Monday,6,February,12,14,45,230,Unclassified,,"Single carriageway - 2 lanes",30,Crossroads,"Give way sign or markings",Unclassified,,"Daylight: no street lighting","Fine (without high winds)",Dry,None,None,"No overtaking",328700,669400,12246488,Junction,Pedestrian,356814,unset,EH177LQ,"Control by other authorised person","Pedestrian phase at traffic signal junction","At scene","55.91239,-3.14221"
82612,,Slight,2,1,09/02/2012,Thursday,9,February,12,2,45,230,C,,"Single carriageway - 2 lanes",30,"Not at or within 20 metres of junction",unset,"\",,"Daylight: no street lighting","Raining (without high winds)",Dry,None,None,"No overtaking",327520,675780,2106439,Segment,T.V.N.P.,356815,unset,EH67ES,"No crossing facility within 50m or physical crossing facility not controlled by authorised person","No physical crossing facility within 50m","At scene","55.96954,-3.1628"
84512,,Slight,2,1,09/02/2012,Thursday,9,February,12,12,0,230,C,,"Single carriageway - 2 lanes",30,"Other junction","Automatic Traffic Signal",C,,"Daylight: street lights present","Raining (without high winds)",Dry,None,None,"No overtaking",325320,674040,520512,Junction,Bus,356816,unset,EH22HN,"No crossing facility within 50m or physical crossing facility not controlled by authorised person","Central refuge - no other controls","At scene","55.95357,-3.19755"
85312,,Slight,1,1,08/02/2012,Wednesday,8,February,12,17,45,230,B,701,"Single carriageway - 2 lanes",30,"'T' or staggered junction","Automatic Traffic Signal",Unclassified,,"Darkness: street lights present and lit","Fine (without high winds)",Dry,None,None,"No overtaking",319620,669940,12201412,Junction,Pedestrian,356817,unset,EH142SW,"No crossing facility within 50m or physical crossing facility not controlled by authorised person","Pedestrian phase at traffic signal junction","At scene","55.91581,-3.28759"
89612,,Serious,1,1,30/01/2012,Monday,30,January,12,13,30,230,Unclassified,,"Single carriageway - 2 lanes",30,"Not at or within 20 metres of junction",unset,"\",,"Daylight: street lights present","Fine (without high winds)",Dry,None,None,"No overtaking",328450,675460,0,Unset,Pedestrian,354435,unset,EH67LG,"No crossing facility within 50m or physical crossing facility not controlled by authorised person","No physical crossing facility within 50m",Elsewhere,"55.9668,-3.14781"
91412,,Slight,2,1,13/02/2012,Monday,13,February,12,20,50,230,A,90,"Single carriageway - 2 lanes",30,"Not at or within 20 metres of junction",unset,"\",,"Darkness: street lights present and lit","Fine (without high winds)",Dry,None,None,"No overtaking",324170,674220,555594,Segment,T.V.N.P.,356818,unset,EH41PU,"No crossing facility within 50m or physical crossing facility not controlled by authorised person","No physical crossing facility within 50m","At scene","55.955,-3.21601"