acc_ref,beat_no,severity,no_vehicle,no_casualt,a_date,a_day,a_date_day,a_date_mon,a_date_yr,a_time_hr,a_time_min,loc_auth,road1_class,road1_no,road_type,speed_limi,junc_det,junc_ctrl,road2_class,road2_no,light_cond,weather,road_surf,spec_cond,cway_hzrds,ovrtk_patrn,easting,northing,net_id,net_type,acc_type,text_id,division,Postcode,ped_xing_hc,ped_xing_p,place_reported,Location
136812,,Slight,2,1,06/03/2012,Tuesday,6,March,12,19,20,230,C,,"Single carriageway - 2 lanes",30,"'T' or staggered junction","Give way sign or markings",Unclassified,,"Darkness: street lights present and lit","Fine (without high winds)",Dry,None,None,"No overtaking",327900,668920,533107,Junction,T.V.N.P.,354639,unset,EH166UB,"No crossing facility within 50m or physical crossing facility not controlled by authorised person","No physical crossing facility within 50m","At scene","55.90796,-3.15488"
137912,,Slight,1,1,07/03/2012,Wednesday,7,March,12,8,48,230,C,,Roundabout,30,Roundabout,"Give way sign or markings",C,,"Daylight: street lights present","Fine (without high winds)",Dry,None,None,"No overtaking",325160,673980,521073,Junction,Bus,354640,unset,EH22LR,"Control by other authorised person","Pelican, puffin, toucan or similar non-junction pedestrian light crossing",Elsewhere,"55.953,-3.20009"
138912,,Slight,1,1,07/03/2012,Wednesday,7,March,12,15,0,230,A,1,"Single carriageway - 2 lanes",30,"Not at or within 20 metres of junction",unset,"\",,"Daylight: street lights present","Fine (without high winds)",Dry,None,None,"No overtaking",328450,674010,2106145,Segment,Pedestrian,354641,unset,EH87EZ,"No crossing facility within 50m or physical crossing facility not controlled by authorised person","Pelican, puffin, toucan or similar non-junction pedestrian light crossing","At scene","55.95377,-3.14743"
139212,,Fatal,3,3,07/03/2012,Wednesday,7,March,12,19,35,230,A,902,"Single carriageway - 2 lanes",30,"Not at or within 20 metres of junction",unset,"\",,"Daylight: no street lighting","Fine (without high winds)",Dry,None,None,"No overtaking",318110,673830,566078,Segment,M.V.N.P.,354642,unset,EH128UA,"No crossing facility within 50m or physical crossing facility not controlled by authorised person","No physical crossing facility within 50m","At scene","55.95051,-3.31292"
139312,,Slight,2,1,07/03/2012,Wednesday,7,March,12,17,15,230,A,1,"Single carriageway - 2 lanes",30,Crossroads,"Automatic Traffic Signal",A,1,"Daylight: street lights present","Fine (without high winds)",Dry,None,None,"No overtaking",326900,674320,520689,Junction,Cyclist,354643,unset,EH75AN,"Control by other authorised person","Pedestrian phase at traffic signal junction","At scene","55.95633,-3.17233"
139512,,Slight,1,1,08/03/2012,Thursday,8,March,12,3,45,230,C,,"One way Street",30,"Not at or within 20 metres of junction",unset,"\",,"Daylight: no street lighting","Fine (without high winds)",Dry,None,None,"No overtaking",325710,673170,567192,Segment,Pedestrian,354644,unset,EH12QN,"No crossing facility within 50m or physical crossing facility not controlled by authorised person","No physical crossing facility within 50m","At scene","55.94581,-3.19106"
141312,,Slight,2,1,02/03/2012,Friday,2,March,12,17,0,230,A,902,"Single carriageway - 2 lanes",30,"Other junction","Give way sign or markings",Unclassified,,"Daylight: no street lighting","Fine (without high winds)",Dry,None,None,"No overtaking",322830,675450,519792,Junction,Cyclist,354645,unset,EH42PS,"No crossing facility within 50m or physical crossing facility not controlled by authorised person","Pedestrian phase at traffic signal junction","At scene","55.96583,-3.23782"
141712,,Slight,2,1,08/03/2012,Thursday,8,March,12,7,35,230,Unclassified,,"Single carriageway - 2 lanes",30,Crossroads,"Automatic Traffic Signal",C,,"Daylight: street lights present","Fine (without high winds)",Dry,None,None,"No overtaking",326230,673520,521139,Junction,Cyclist,354646,unset,EH89UE,"No crossing facility within 50m or physical crossing facility not controlled by authorised person","No physical crossing facility within 50m","At scene","55.94904,-3.18284"
142012,,Slight,2,1,08/03/2012,Thursday,8,March,12,9,15,230,Unclassified,,"Single carriageway - 2 lanes",30,"Other junction","Give way sign or markings",Unclassified,,"Daylight: street lights present","Fine (without high winds)",Dry,None,None,"No overtaking",324540,671140,530413,Junction,T.V.N.P.,354647,unset,EH104QU,"No crossing facility within 50m or physical crossing facility not controlled by authorised person","No physical crossing facility within 50m",Elsewhere,"55.92739,-3.20923"
142712,,Slight,2,1,08/03/2012,Thursday,8,March,12,7,40,230,A,199,"Single carriageway - 2 lanes",30,"'T' or staggered junction","Automatic Traffic Signal",Unclassified,,"Daylight: street lights present","Fine (without high winds)",Dry,None,None,"No overtaking",328770,675700,523248,Junction,Cyclist,354648,unset,EH67LW,"No crossing facility within 50m or physical crossing facility not controlled by authorised person","Pedestrian phase at traffic signal junction","At scene","55.969,-3.14275"
144012,,Slight,2,1,09/03/2012,Friday,9,March,12,11,10,230,A,900,"Single carriageway - 2 lanes",30,"'T' or staggered junction","Give way sign or markings",Unclassified,,"Daylight: street lights present","Fine (without high winds)",Dry,None,None,"No overtaking",326740,675470,519888,Junction,Bus,354649,unset,EH65EQ,"No crossing facility within 50m or physical crossing facility not controlled by authorised person","Central refuge - no other controls","At scene","55.96663,-3.17521"
144212,,Slight,4,2,09/03/2012,Friday,9,March,12,12,30,230,C,,"Single carriageway - 2 lanes",30,Crossroads,"Automatic Traffic Signal",Unclassified,,"Daylight: street lights present","Fine (without high winds)",Dry,None,None,"No overtaking",326640,671370,531451,Junction,M.V.N.P.,354650,unset,EH93AB,"No crossing facility within 50m or physical crossing facility not controlled by authorised person","Pedestrian phase at traffic signal junction","At scene","55.92978,-3.1757"
145212,,Slight,1,2,08/03/2012,Thursday,8,March,12,19,0,230,C,,"Single carriageway - 2 lanes",30,"Not at or within 20 metres of junction",unset,"\",,"Daylight: street lights present","Fine (without high winds)",Dry,None,None,"No overtaking",326930,674520,2106487,Segment,Pedestrian,354651,unset,EH75RG,"No crossing facility within 50m or physical crossing facility not controlled by authorised person","No physical crossing facility within 50m","At scene","55.95813,-3.17191"
145312,,Slight,1,1,08/03/2012,Thursday,8,March,12,21,0,230,Unclassified,,"Single carriageway - 2 lanes",20,"Not at or within 20 metres of junction",unset,"\",,"Darkness: street lights present and lit","Raining (without high winds)",Dry,None,None,"No overtaking",326110,673070,569700,Segment,S.V.N.P.,354652,unset,EH89DD,"No crossing facility within 50m or physical crossing facility not controlled by authorised person","No physical crossing facility within 50m","At scene","55.94497,-3.18464"
146312,,Slight,1,1,10/03/2012,Saturday,10,March,12,14,25,230,A,7,"Single carriageway - 2 lanes",30,"Not at or within 20 metres of junction",unset,"\",,"Daylight: street lights present","Fine (without high winds)",Dry,None,"Pedestrian in carriagway - not injured","No overtaking",325870,673930,569270,Segment,Bus,354653,unset,EH88DN,"No crossing facility within 50m or physical crossing facility not controlled by authorised person","No physical crossing facility within 50m","At scene","55.95266,-3.18872"
146612,,Slight,4,1,09/03/2012,Friday,9,March,12,16,50,230,A,90,"Dual carriageway - 2 lanes",50,"Not at or within 20 metres of junction",unset,"\",,"Daylight: street lights present","Fine (without high winds)",Dry,None,None,"No overtaking",312470,677900,555675,Segment,M.V.N.P.,354654,unset,EH309SF,"No crossing facility within 50m or physical crossing facility not controlled by authorised person","No physical crossing facility within 50m","At scene","55.98606,-3.40453"
146812,,Slight,2,1,10/03/2012,Saturday,10,March,12,20,0,230,Unclassified,,"Single carriageway - 2 lanes",30,"'T' or staggered junction","Give way sign or markings",Unclassified,,"Darkness: street lights present and lit","Fine (without high winds)",Dry,None,None,"No overtaking",326100,675810,519451,Junction,T.V.N.P.,354655,unset,EH65PY,"No crossing facility within 50m or physical crossing facility not controlled by authorised person","No physical crossing facility within 50m","At scene","55.96959,-3.18555"
146912,,Slight,1,1,10/03/2012,Saturday,10,March,12,21,0,230,Unclassified,,"Single carriageway - 2 lanes",30,Roundabout,"Give way sign or markings",C,,"Darkness: street lights present and lit","Fine (without high winds)",Dry,None,None,"No overtaking",326130,674790,12222782,Junction,S.V.N.P.,354656,unset,EH74BQ,"No crossing facility within 50m or physical crossing facility not controlled by authorised person","No physical crossing facility within 50m","At scene","55.96043,-3.18479"
147812,,Slight,1,1,17/02/2012,Friday,17,February,12,13,30,230,C,,"Single carriageway - 2 lanes",30,Roundabout,"Give way sign or markings",C,,"Daylight: no street lighting","Fine (without high winds)",Dry,None,None,"No overtaking",324970,673940,521010,Junction,Bus,356864,unset,EH23ES,"No crossing facility within 50m or physical crossing facility not controlled by authorised person","Pelican, puffin, toucan or similar non-junction pedestrian light crossing","At scene","55.95261,-3.20313"
148012,,Slight,1,1,10/03/2012,Saturday,10,March,12,15,0,230,A,6095,"Single carriageway - 2 lanes",30,"Not at or within 20 metres of junction",unset,"\",,"Daylight: street lights present","Fine (without high winds)",Dry,None,None,"No overtaking",331920,671860,553906,Segment,Pedestrian,354657,unset,EH218SG,"No crossing facility within 50m or physical crossing facility not controlled by authorised person","Pelican, puffin, toucan or similar non-junction pedestrian light crossing",Elsewhere,"55.93496,-3.09133"
149812,,Slight,2,1,12/03/2012,Monday,12,March,12,16,40,230,A,701,"Single carriageway - 2 lanes",30,"Not at or within 20 metres of junction",unset,"\",,"Daylight: no street lighting","Fine (without high winds)",Dry,None,None,"No overtaking",326900,671520,569400,Segment,T.V.N.P.,354658,unset,EH165LZ,"No crossing facility within 50m or physical crossing facility not controlled by authorised person","No physical crossing facility within 50m","At scene","55.93117,-3.17158"
150612,,Fatal,1,1,12/03/2012,Monday,12,March,12,17,45,230,A,772,"Single carriageway - 2 lanes",30,"Not at or within 20 metres of junction",unset,"\",,"Daylight: no street lighting","Fine (without high winds)",Dry,None,None,"No overtaking",328930,669060,569375,Segment,S.V.N.P.,354659,unset,EH177JE,"No crossing facility within 50m or physical crossing facility not controlled by authorised person","No physical crossing facility within 50m","At scene","55.90937,-3.13844"
152412,,Slight,2,2,13/03/2012,Tuesday,13,March,12,9,5,230,Unclassified,,"Single carriageway - 2 lanes",30,"'T' or staggered junction","Automatic Traffic Signal",Unclassified,,"Daylight: no street lighting","Fine (without high winds)",Dry,None,None,"No overtaking",313050,672420,0,Unset,T.V.N.P.,354660,unset,EH288PL,"Control by other authorised person","Pedestrian phase at traffic signal junction","At scene","55.93695,-3.39347"
152612,,Serious,1,1,13/03/2012,Tuesday,13,March,12,8,5,230,Unclassified,,"Single carriageway - 2 lanes",30,"Other junction","Give way sign or markings",Unclassified,,"Daylight: street lights present","Fine (without high winds)",Dry,None,None,"No overtaking",323310,674120,520440,Junction,Pedestrian,354661,unset,EH43ES,"No crossing facility within 50m or physical crossing facility not controlled by authorised person","No physical crossing facility within 50m","At scene","55.95397,-3.22976"
153112,,Slight,2,1,13/03/2012,Tuesday,13,March,12,9,20,230,A,90,Roundabout,70,Roundabout,"Automatic Traffic Signal",Unclassified,,"Daylight: no street lighting","Fine (without high winds)",Dry,None,None,"No overtaking",312510,677620,533302,Junction,T.V.N.P.,354662,unset,EH309SS,"No crossing facility within 50m or physical crossing facility not controlled by authorised person","No physical crossing facility within 50m","At scene","55.98355,-3.4038"
154312,,Slight,2,2,14/03/2012,Wednesday,14,March,12,12,45,230,A,1,"Single carriageway - 2 lanes",30,Crossroads,"Automatic Traffic Signal",C,,"Daylight: street lights present","Fine (without high winds)",Dry,None,None,"No overtaking",326900,674320,520689,Junction,T.V.N.P.,354663,unset,EH75AN,"No crossing facility within 50m or physical crossing facility not controlled by authorised person","Pedestrian phase at traffic signal junction","At scene","55.95633,-3.17233"
154512,,Slight,1,1,14/03/2012,Wednesday,14,March,12,1,0,230,Unclassified,,"Single carriageway - 2 lanes",30,"Not at or within 20 metres of junction",unset,"\",,"Daylight: street lights present","Fine (without high winds)",Dry,None,None,"No overtaking",325530,671860,559045,Segment,Pedestrian,354664,unset,EH92DW,"No crossing facility within 50m or physical crossing facility not controlled by authorised person","No physical crossing facility within 50m","At scene","55.93401,-3.19358"
155312,,Slight,2,1,07/03/2012,Wednesday,7,March,12,7,30,230,A,71,"Single carriageway - 2 lanes",50,"Not at or within 20 metres of junction",unset,"\",,"Daylight: no street lighting","Fine (without high winds)",Dry,None,None,"No overtaking",314390,669130,549671,Segment,T.V.N.P.,354665,unset,EH278EB,"No crossing facility within 50m or physical crossing facility not controlled by authorised person","No physical crossing facility within 50m","At scene","55.90764,-3.37098"
155612,,Slight,1,1,15/03/2012,Thursday,15,March,12,8,40,230,Unclassified,,"Single carriageway - 2 lanes",30,"'T' or staggered junction","Give way sign or markings",Unclassified,,"Daylight: street lights present","Fine (without high winds)",Dry,"Road works present","Other object in carriageway","No overtaking",327060,675850,519550,Junction,Pedestrian,354666,unset,EH68HQ,"No crossing facility within 50m or physical crossing facility not controlled by authorised person","No physical crossing facility within 50m","At scene","55.9701,-3.17019"
155712,,Serious,1,1,10/03/2012,Saturday,10,March,12,14,45,230,A,8,"Single carriageway - 2 lanes",30,"'T' or staggered junction","Automatic Traffic Signal",C,,"Daylight: street lights present","Fine (without high winds)",Dry,None,None,"No overtaking",325380,673880,521049,Junction,Pedestrian,354667,unset,EH22EN,"No crossing facility within 50m or physical crossing facility not controlled by authorised person","Pedestrian phase at traffic signal junction",Elsewhere,"55.95214,-3.19654"
156112,,Slight,2,1,15/03/2012,Thursday,15,March,12,8,20,230,A,720,"Dual carriageway - 2 lanes",30,"Not at or within 20 metres of junction",unset,"\",,"Daylight: no street lighting","Fine (without high winds)",Dry,None,None,"No overtaking",319890,669420,2579027,Segment,T.V.N.P.,354668,unset,EH143BS,"No crossing facility within 50m or physical crossing facility not controlled by authorised person","No physical crossing facility within 50m","At scene","55.91119,-3.28311"
156512,,Slight,2,1,12/03/2012,Monday,12,March,12,6,10,230,Unclassified,,"Single carriageway - 2 lanes",30,"'T' or staggered junction","Give way sign or markings",Unclassified,,"Daylight: street lights present","Fine (without high winds)",Dry,None,None,"No overtaking",327840,671650,12228069,Junction,Cyclist,354669,unset,EH165EY,"No crossing facility within 50m or physical crossing facility not controlled by authorised person","No physical crossing facility within 50m",Elsewhere,"55.93248,-3.15657"
156912,,Slight,1,1,16/03/2012,Friday,16,March,12,9,0,230,A,7,"Single carriageway - 2 lanes",30,"Not at or within 20 metres of junction",unset,"\",,"Daylight: street lighting unknown","Fine (without high winds)",Dry,None,None,"No overtaking",325920,673730,569273,Segment,Pedestrian,354670,unset,EH11SB,"No crossing facility within 50m or physical crossing facility not controlled by authorised person","No physical crossing facility within 50m","At scene","55.95087,-3.18787"
157012,,Slight,2,1,15/03/2012,Thursday,15,March,12,17,48,230,B,701,"Single carriageway - 2 lanes",30,"Not at or within 20 metres of junction",unset,"\",,"Daylight: street lights present","Fine (without high winds)",Dry,None,None,"No overtaking",320560,669110,551331,Segment,T.V.N.P.,354671,unset,EH130NJ,"No crossing facility within 50m or physical crossing facility not controlled by authorised person","No physical crossing facility within 50m","At scene","55.90851,-3.27231"
157912,,Slight,2,1,16/03/2012,Friday,16,March,12,16,30,230,A,720,"Dual carriageway - 2 lanes",50,"Slip road","Give way sign or markings",A,720,"Darkness: street lights present and lit","Raining (without high winds)",Dry,None,None,"No overtaking",318330,670760,2307184,Junction,T.V.N.P.,354672,unset,EH129BU,"No crossing facility within 50m or physical crossing facility not controlled by authorised person","No physical crossing facility within 50m","At scene","55.92296,-3.30847"
158012,,Slight,1,1,16/03/2012,Friday,16,March,12,9,44,230,C,,"Single carriageway - 2 lanes",30,"Not at or within 20 metres of junction",unset,"\",,"Daylight: street lights present","Raining (without high winds)",Dry,None,None,"No overtaking",325870,674360,566780,Segment,Pedestrian,354673,unset,EH13JD,"No crossing facility within 50m or physical crossing facility not controlled by authorised person","No physical crossing facility within 50m","At scene","55.95653,-3.18884"
158112,,Slight,2,1,15/03/2012,Thursday,15,March,12,18,55,230,Unclassified,,"Single carriageway - 2 lanes",30,Crossroads,"Automatic Traffic Signal",C,,"Daylight: street lights present","Fine (without high winds)",Dry,None,None,"No overtaking",325260,674310,520530,Junction,T.V.N.P.,354674,unset,EH36HZ,"No crossing facility within 50m or physical crossing facility not controlled by authorised person","Pedestrian phase at traffic signal junction","At scene","55.95598,-3.19858"
158212,,Slight,2,2,17/03/2012,Saturday,17,March,12,10,0,230,Unclassified,,"Single carriageway - 2 lanes",30,"'T' or staggered junction","Give way sign or markings",Unclassified,,"Daylight: no street lighting","Fine (without high winds)",Dry,None,None,"No overtaking",320110,671640,522132,Junction,T.V.N.P.,354675,unset,EH113SP,"No crossing facility within 50m or physical crossing facility not controlled by authorised person","No physical crossing facility within 50m","At scene","55.93117,-3.28025"
158712,,Slight,2,1,17/03/2012,Saturday,17,March,12,11,35,230,C,,"Single carriageway - 2 lanes",30,"Other junction","Give way sign or markings",Unclassified,,"Daylight: street lights present","Fine (without high winds)",Dry,None,None,"No overtaking",322980,673060,12223590,Junction,T.V.N.P.,354676,unset,EH125PW,"No crossing facility within 50m or physical crossing facility not controlled by authorised person","No physical crossing facility within 50m","At scene","55.94439,-3.23474"
159712,,Slight,2,1,18/03/2012,Sunday,18,March,12,12,0,230,A,900,"Dual carriageway - 2 lanes",30,"Not at or within 20 metres of junction",unset,"\",,"Daylight: street lights present","Fine (without high winds)",Dry,None,None,"No overtaking",326060,674420,558575,Segment,T.V.N.P.,354677,unset,EH13NQ,"No crossing facility within 50m or physical crossing facility not controlled by authorised person","Pedestrian phase at traffic signal junction","At scene","55.9571,-3.18581"
159812,,Slight,2,1,18/03/2012,Sunday,18,March,12,15,35,230,Unclassified,,"Single carriageway - 2 lanes",30,Crossroads,"Give way sign or markings",Unclassified,,"Daylight: no street lighting","Fine (without high winds)",Dry,None,None,"No overtaking",324280,673620,10258595,Junction,T.V.N.P.,354678,unset,EH37JA,"No crossing facility within 50m or physical crossing facility not controlled by authorised person","No physical crossing facility within 50m","At scene","55.94963,-3.21408"
160012,,Slight,1,1,18/03/2012,Sunday,18,March,12,22,0,230,A,8,"Single carriageway - 2 lanes",30,"'T' or staggered junction","Give way sign or markings",Unclassified,,"Darkness: street lights present and lit","Fine (without high winds)",Dry,None,None,"No overtaking",319940,672950,521706,Junction,Pedestrian,354679,unset,EH128AX,"No crossing facility within 50m or physical crossing facility not controlled by authorised person","Pedestrian phase at traffic signal junction",Elsewhere,"55.94291,-3.28336"
160112,,Slight,1,1,07/03/2012,Wednesday,7,March,12,14,25,230,A,71,"Single carriageway - 2 lanes",30,"Other junction","Give way sign or markings",Unclassified,,"Daylight: street lights present","Raining (without high winds)",Dry,None,None,"No overtaking",322970,672270,521958,Junction,Bus,354680,unset,EH111TU,"No crossing facility within 50m or physical crossing facility not controlled by authorised person","Pedestrian phase at traffic signal junction","At scene","55.93729,-3.23467"
161012,,Slight,2,1,19/03/2012,Monday,19,March,12,8,30,230,Unclassified,,"Single carriageway - 2 lanes",30,Roundabout,"Give way sign or markings",Unclassified,,"Daylight: street lights present","Fine (without high winds)",Dry,None,None,"No overtaking",319780,671490,9659159,Junction,T.V.N.P.,354681,unset,EH113UP,"No crossing facility within 50m or physical crossing facility not controlled by authorised person","Pelican, puffin, toucan or similar non-junction pedestrian light crossing","At scene","55.92977,-3.28549"
161112,,Slight,3,1,19/03/2012,Monday,19,March,12,11,30,230,Unclassified,,"Single carriageway - 2 lanes",30,"'T' or staggered junction","Give way sign or markings",Unclassified,,"Daylight: street lights present","Fine (without high winds)",Dry,None,None,"No overtaking",324800,676850,0,Unset,M.V.N.P.,354682,unset,EH53LA,"No crossing facility within 50m or physical crossing facility not controlled by authorised person","No physical crossing facility within 50m","At scene","55.97872,-3.20666"
162912,,Slight,5,1,17/03/2012,Saturday,17,March,12,13,3,230,Unclassified,,"Single carriageway - 2 lanes",30,"Not at or within 20 metres of junction",unset,"\",,"Daylight: street lights present","Fine (without high winds)",Dry,None,None,"No overtaking",320100,674920,565985,Segment,M.V.N.P.,354683,unset,EH47BL,"No crossing facility within 50m or physical crossing facility not controlled by authorised person","Pedestrian phase at traffic signal junction","At scene","55.96063,-3.28138"
163012,,Slight,2,3,20/03/2012,Tuesday,20,March,12,8,0,230,Unclassified,,"Single carriageway - 2 lanes",30,"Not at or within 20 metres of junction",unset,"\",,"Daylight: street lights present","Fine (without high winds)",Dry,None,None,"No overtaking",312480,672360,12231309,Segment,T.V.N.P.,354684,unset,EH288PJ,"No crossing facility within 50m or physical crossing facility not controlled by authorised person","No physical crossing facility within 50m",Elsewhere,"55.93631,-3.40257"
163312,,Slight,2,1,19/03/2012,Monday,19,March,12,18,0,230,C,,"Single carriageway - 2 lanes",30,"Not at or within 20 metres of junction",unset,"\",,"Darkness: street lights present and lit","Fine (without high winds)",Dry,None,None,"No overtaking",322030,676600,559658,Segment,Cyclist,354685,unset,EH44JJ,"No crossing facility within 50m or physical crossing facility not controlled by authorised person","Pedestrian phase at traffic signal junction",Elsewhere,"55.97603,-3.25097"
164012,,Serious,3,3,20/03/2012,Tuesday,20,March,12,17,39,230,A,720,"Dual carriageway - 2 lanes",50,"Not at or within 20 metres of junction",unset,"\",,"Daylight: street lights present","Fine (without high winds)",Dry,None,None,"No overtaking",318730,670180,2582067,Segment,M.V.N.P.,354686,unset,EH142SR,"No crossing facility within 50m or physical crossing facility not controlled by authorised person","No physical crossing facility within 50m","At scene","55.91782,-3.3019"
165512,,Slight,3,1,16/03/2012,Friday,16,March,12,19,50,230,Unclassified,,"Single carriageway - 2 lanes",30,"'T' or staggered junction","Give way sign or markings",Unclassified,,"Darkness: street lights present and lit","Fine (without high winds)",Dry,None,None,"No overtaking",318280,667810,523125,Junction,M.V.N.P.,354687,unset,EH145PY,"No crossing facility within 50m or physical crossing facility not controlled by authorised person","No physical crossing facility within 50m","At scene","55.89645,-3.30838"
165612,,Slight,2,1,21/03/2012,Wednesday,21,March,12,12,0,230,A,90,"Single carriageway - 2 lanes",40,"'T' or staggered junction","Automatic Traffic Signal",B,701,"Daylight: street lights present","Fine (without high winds)",Dry,None,None,"No overtaking",318890,674910,519933,Junction,T.V.N.P.,354688,unset,EH48AR,"No crossing facility within 50m or physical crossing facility not controlled by authorised person","Pedestrian phase at traffic signal junction","At scene","55.96033,-3.30076"
165912,,Slight,1,1,22/03/2012,Thursday,22,March,12,8,5,230,Unclassified,,"Single carriageway - 2 lanes",30,"Other junction","Give way sign or markings",Unclassified,,"Daylight: street lights present","Fine (without high winds)",Dry,None,None,"No overtaking",322940,671840,522246,Junction,Pedestrian,354689,unset,EH111QU,"No crossing facility within 50m or physical crossing facility not controlled by authorised person","Pedestrian phase at traffic signal junction","At scene","55.93343,-3.23503"
166012,,Slight,3,1,21/03/2012,Wednesday,21,March,12,6,50,230,A,90,"Single carriageway - 2 lanes",40,Roundabout,"Give way sign or markings",Unclassified,,"Daylight: street lights present","Fine (without high winds)",Dry,None,None,"No overtaking",318530,674970,519966,Junction,M.V.N.P.,354690,unset,EH48DZ,"No crossing facility within 50m or physical crossing facility not controlled by authorised person","Pedestrian phase at traffic signal junction","At scene","55.96081,-3.30654"
166912,,Slight,1,1,18/03/2012,Sunday,18,March,12,12,0,230,A,900,"Single carriageway - 2 lanes",30,"Other junction","Give way sign or markings",Unclassified,,"Daylight: street lights present","Fine (without high winds)",Dry,None,None,"No overtaking",326690,675370,519882,Junction,Pedestrian,354691,unset,EH65EL,"No crossing facility within 50m or physical crossing facility not controlled by authorised person","Pedestrian phase at traffic signal junction",Elsewhere,"55.96573,-3.17598"
167112,,Slight,2,1,20/03/2012,Tuesday,20,March,12,14,0,230,Unclassified,,"Single carriageway - 2 lanes",40,"Not at or within 20 metres of junction",unset,"\",,"Daylight: no street lighting","Fine (without high winds)",Dry,None,None,"No overtaking",317890,670060,12229737,Junction,T.V.N.P.,354692,unset,EH144AH,"No crossing facility within 50m or physical crossing facility not controlled by authorised person","No physical crossing facility within 50m","At scene","55.9166,-3.3153"
167812,,Slight,2,1,22/03/2012,Thursday,22,March,12,9,12,230,A,720,"Dual carriageway - 2 lanes",70,"Not at or within 20 metres of junction",unset,"\",,"Daylight: no street lighting","Fine (without high winds)",Dry,None,None,"No overtaking",324420,667820,570546,Segment,T.V.N.P.,354693,unset,EH107DS,"No crossing facility within 50m or physical crossing facility not controlled by authorised person","No physical crossing facility within 50m","At scene","55.89755,-3.21022"
168312,,Slight,2,1,22/03/2012,Thursday,22,March,12,14,40,230,Unclassified,,"Single carriageway - 2 lanes",30,"Multiple junction","Give way sign or markings",Unclassified,,"Daylight: street lights present","Fine (without high winds)",Dry,None,None,"No overtaking",325950,671000,533404,Junction,T.V.N.P.,354694,unset,EH93HT,"Control by other authorised person","Pedestrian phase at traffic signal junction",Elsewhere,"55.92635,-3.18663"
168612,,Slight,2,1,23/03/2012,Friday,23,March,12,0,10,230,C,,"Single carriageway - 2 lanes",60,Roundabout,"Give way sign or markings",Unclassified,,"Darkness: street lights present and lit","Fine (without high winds)",Dry,None,None,"No overtaking",327470,667010,2587872,Junction,T.V.N.P.,338138,unset,EH178SG,"No crossing facility within 50m or physical crossing facility not controlled by authorised person","No physical crossing facility within 50m","At scene","55.89074,-3.16124"
168812,,Slight,1,1,22/03/2012,Thursday,22,March,12,13,35,230,A,900,"Single carriageway - 2 lanes",30,"'T' or staggered junction","Automatic Traffic Signal",A,901,"Daylight: street lights present","Fine (without high winds)",Dry,None,None,"No overtaking",326950,675900,522483,Junction,Bus,354695,unset,EH65AE,"No crossing facility within 50m or physical crossing facility not controlled by authorised person","No physical crossing facility within 50m",Elsewhere,"55.97053,-3.17196"
169212,,Slight,1,1,23/03/2012,Friday,23,March,12,14,20,230,Unclassified,,"Single carriageway - 2 lanes",30,"Not at or within 20 metres of junction",unset,"\",,"Daylight: street lights present","Fine (without high winds)",Dry,None,None,"No overtaking",320540,671740,565352,Segment,Pedestrian,354696,unset,EH113NR,"No crossing facility within 50m or physical crossing facility not controlled by authorised person","No physical crossing facility within 50m","At scene","55.93214,-3.2734"
169512,,Slight,1,1,23/03/2012,Friday,23,March,12,8,40,230,Unclassified,,"Single carriageway - 2 lanes",30,"'T' or staggered junction","Give way sign or markings",Unclassified,,"Daylight: street lights present","Fine (without high winds)",Dry,None,None,"No overtaking",322090,674520,520041,Junction,Pedestrian,354697,unset,EH43NF,"No crossing facility within 50m or physical crossing facility not controlled by authorised person","Pelican, puffin, toucan or similar non-junction pedestrian light crossing","At scene","55.95737,-3.24941"
172012,,Slight,2,1,24/03/2012,Saturday,24,March,12,6,40,230,B,9085,"Single carriageway - 2 lanes",30,"Multiple junction","Automatic Traffic Signal",A,90,"Daylight: street lights present","Fine (without high winds)",Dry,None,None,"No overtaking",320660,675130,519720,Junction,T.V.N.P.,354698,unset,EH47AG,"No crossing facility within 50m or physical crossing facility not controlled by authorised person","Pelican, puffin, toucan or similar non-junction pedestrian light crossing","At scene","55.9626,-3.27249"
172912,,Serious,1,1,25/03/2012,Sunday,25,March,12,18,45,230,C,,"Single carriageway - 2 lanes",30,"'T' or staggered junction","Give way sign or markings",Unclassified,,"Daylight: no street lighting","Fine (without high winds)",Dry,None,None,"No overtaking",325690,673320,521541,Junction,Pedestrian,354699,unset,EH11EN,"Control by other authorised person","Pedestrian phase at traffic signal junction","At scene","55.94716,-3.19143"
173012,,Slight,2,1,01/03/2012,Thursday,1,March,12,11,55,230,Unclassified,,"Single carriageway - 2 lanes",30,Crossroads,"Automatic Traffic Signal",A,900,"Daylight: no street lighting","Fine (without high winds)",Dry,None,None,"No overtaking",327210,676240,519253,Junction,T.V.N.P.,354700,unset,EH67AF,"Control by other authorised person","Pedestrian phase at traffic signal junction","At scene","55.97361,-3.16789"
173112,,Serious,1,1,20/03/2012,Tuesday,20,March,12,7,0,230,Unclassified,,"Single carriageway - 2 lanes",60,"Not at or within 20 metres of junction",unset,"\",,"Daylight: no street lighting","Fine (without high winds)",Dry,None,None,"No overtaking",313300,671610,12231495,Segment,S.V.N.P.,354701,unset,EH288QU,"No crossing facility within 50m or physical crossing facility not controlled by authorised person","No physical crossing facility within 50m","At scene","55.92972,-3.38921"