acc_ref,beat_no,severity,no_vehicle,no_casualt,a_date,a_day,a_date_day,a_date_mon,a_date_yr,a_time_hr,a_time_min,loc_auth,road1_class,road1_no,road_type,speed_limi,junc_det,junc_ctrl,road2_class,road2_no,light_cond,weather,road_surf,spec_cond,cway_hzrds,ovrtk_patrn,easting,northing,net_id,net_type,acc_type,text_id,division,Postcode,ped_xing_hc,ped_xing_p,place_reported,Location
174012,,Slight,1,1,26/03/2012,Monday,26,March,12,8,55,230,Unclassified,,"Single carriageway - 2 lanes",30,"Not at or within 20 metres of junction",unset,"\",,"Daylight: street lights present","Fine (without high winds)",Dry,None,None,"No overtaking",324040,670190,0,Unset,Pedestrian,354702,unset,EH105RY,"No crossing facility within 50m or physical crossing facility not controlled by authorised person","No physical crossing facility within 50m","At scene","55.91878,-3.21696"
174112,,Slight,1,1,26/03/2012,Monday,26,March,12,6,40,230,A,7,"Single carriageway - 2 lanes",30,"'T' or staggered junction","Give way sign or markings",Unclassified,,"Daylight: street lights present","Fine (without high winds)",Dry,None,None,"No overtaking",326080,673200,521583,Junction,Pedestrian,354703,unset,EH89BE,"No crossing facility within 50m or physical crossing facility not controlled by authorised person","Central refuge - no other controls","At scene","55.94614,-3.18516"
174212,,Slight,2,1,26/03/2012,Monday,26,March,12,13,30,230,Unclassified,,"Single carriageway - 2 lanes",30,"Not at or within 20 metres of junction",unset,"\",,"Daylight: street lights present","Fine (without high winds)",Dry,None,None,"No overtaking",325380,676770,558892,Segment,T.V.N.P.,354704,unset,EH64LR,"No crossing facility within 50m or physical crossing facility not controlled by authorised person","No physical crossing facility within 50m","At scene","55.97809,-3.19735"
174512,,Slight,1,1,25/03/2012,Sunday,25,March,12,22,7,230,A,70,"Single carriageway - 2 lanes",30,"Not at or within 20 metres of junction",unset,"\",,"Darkness: street lights present and lit","Fine (without high winds)",Dry,None,None,"No overtaking",318180,667780,561623,Segment,Bus,354705,unset,EH145NU,"No crossing facility within 50m or physical crossing facility not controlled by authorised person","No physical crossing facility within 50m",Elsewhere,"55.89617,-3.30997"
174812,,Slight,2,1,02/02/2012,Thursday,2,February,12,8,15,230,A,70,"Single carriageway - 2 lanes",30,"'T' or staggered junction","Give way sign or markings",Unclassified,,"Daylight: street lights present","Fine (without high winds)",Dry,None,None,"No overtaking",324070,673160,521382,Junction,T.V.N.P.,356865,unset,EH112BD,"No crossing facility within 50m or physical crossing facility not controlled by authorised person","No physical crossing facility within 50m",Elsewhere,"55.94547,-3.21732"
175412,,Slight,4,2,26/03/2012,Monday,26,March,12,13,0,230,Unclassified,,"Single carriageway - 2 lanes",30,"Not at or within 20 metres of junction",unset,"\",,"Daylight: street lights present","Fine (without high winds)",Dry,None,None,"No overtaking",327320,674390,2106013,Segment,M.V.N.P.,354706,unset,EH75SY,"No crossing facility within 50m or physical crossing facility not controlled by authorised person","No physical crossing facility within 50m","At scene","55.95702,-3.16563"
175512,,Slight,1,1,21/03/2012,Wednesday,21,March,12,15,30,230,Unclassified,,"Single carriageway - 2 lanes",30,"'T' or staggered junction","Give way sign or markings",Unclassified,,"Daylight: no street lighting","Fine (without high winds)",Dry,None,None,"No overtaking",318810,673230,12231896,Junction,Pedestrian,354707,unset,EH128EP,"No crossing facility within 50m or physical crossing facility not controlled by authorised person","No physical crossing facility within 50m","At scene","55.94523,-3.30153"
177212,,Slight,1,1,27/03/2012,Tuesday,27,March,12,21,44,230,A,900,"Dual carriageway - 2 lanes",30,"Not at or within 20 metres of junction",unset,"\",,"Daylight: no street lighting","Fine (without high winds)",Dry,None,None,"No overtaking",326070,674430,558575,Segment,Bus,354708,unset,EH13NQ,"No crossing facility within 50m or physical crossing facility not controlled by authorised person","No physical crossing facility within 50m","At scene","55.95719,-3.18566"
177312,,Slight,2,1,27/03/2012,Tuesday,27,March,12,17,25,230,Unclassified,,"Single carriageway - 2 lanes",30,Crossroads,"Give way sign or markings",Unclassified,,"Darkness: street lights present but unlit","Fine (without high winds)",Dry,None,None,"No overtaking",325580,674400,12222985,Junction,Cyclist,354709,unset,EH13PP,"Control by other authorised person","Pedestrian phase at traffic signal junction",Elsewhere,"55.95684,-3.19348"
177412,,Serious,2,1,26/03/2012,Monday,26,March,12,18,45,230,Unclassified,,"Single carriageway - 2 lanes",30,"Not at or within 20 metres of junction",unset,"\",,"Daylight: no street lighting","Fine (without high winds)",Dry,None,None,"No overtaking",312940,678060,4421927,Junction,T.V.N.P.,354710,unset,EH309LT,"No crossing facility within 50m or physical crossing facility not controlled by authorised person","No physical crossing facility within 50m",Elsewhere,"55.98759,-3.39705"
178212,,Slight,1,1,28/03/2012,Wednesday,28,March,12,14,45,230,C,,"Single carriageway - 2 lanes",30,"Other junction","Give way sign or markings",Unclassified,,"Daylight: street lights present","Fine (without high winds)",Dry,"Road works present",None,"No overtaking",328750,671850,523788,Junction,Bus,354711,unset,EH164AP,"No crossing facility within 50m or physical crossing facility not controlled by authorised person","Pelican, puffin, toucan or similar non-junction pedestrian light crossing","At scene","55.93441,-3.14206"
178312,,Slight,2,1,16/03/2012,Friday,16,March,12,8,50,230,A,90,"Single carriageway - 2 lanes",30,"Multiple junction","Give way sign or markings",Unclassified,,"Daylight: street lights present","Fine (without high winds)",Dry,None,None,"No overtaking",322710,674290,520413,Junction,Cyclist,354712,unset,EH42EZ,"No crossing facility within 50m or physical crossing facility not controlled by authorised person","Central refuge - no other controls","At scene","55.9554,-3.23941"
179312,,Slight,4,1,28/03/2012,Wednesday,28,March,12,16,0,230,Unclassified,,"Single carriageway - 2 lanes",30,"'T' or staggered junction","Automatic Traffic Signal",C,,"Daylight: street lights present","Fine (without high winds)",Dry,None,None,"No overtaking",324700,674010,520485,Junction,M.V.N.P.,354713,unset,EH24DR,"No crossing facility within 50m or physical crossing facility not controlled by authorised person","Pedestrian phase at traffic signal junction","At scene","55.9532,-3.20747"
179412,,Slight,2,1,28/03/2012,Wednesday,28,March,12,17,0,230,A,1140,"Single carriageway - 2 lanes",30,"'T' or staggered junction","Give way sign or markings",Unclassified,,"Daylight: street lights present","Fine (without high winds)",Dry,None,None,"No overtaking",329030,674250,523440,Junction,T.V.N.P.,354714,unset,EH76PX,"No crossing facility within 50m or physical crossing facility not controlled by authorised person","Pedestrian phase at traffic signal junction",Elsewhere,"55.95602,-3.13821"
179712,,Slight,2,1,29/03/2012,Thursday,29,March,12,8,5,230,A,7,"Single carriageway - 2 lanes",30,"'T' or staggered junction","Automatic Traffic Signal",Unclassified,,"Daylight: no street lighting","Fine (without high winds)",Dry,None,None,"No overtaking",326000,673410,521589,Junction,Cyclist,354715,unset,EH89AA,"No crossing facility within 50m or physical crossing facility not controlled by authorised person","Pedestrian phase at traffic signal junction","At scene","55.94801,-3.1865"
180112,,Slight,1,1,29/03/2012,Thursday,29,March,12,7,50,230,Unclassified,,"Single carriageway - 2 lanes",30,"Not at or within 20 metres of junction",unset,"\",,"Daylight: street lights present","Fine (without high winds)",Dry,None,None,"No overtaking",322990,671880,561724,Segment,Pedestrian,354716,unset,EH111QU,"Control by other authorised person","Pedestrian phase at traffic signal junction",Elsewhere,"55.93379,-3.23424"
180212,,Slight,2,2,29/03/2012,Thursday,29,March,12,11,50,230,Unclassified,,"Single carriageway - 2 lanes",30,"Other junction","Give way sign or markings",Unclassified,,"Daylight: no street lighting","Fine (without high winds)",Dry,None,None,"No overtaking",327230,674410,520728,Junction,Bus,354717,unset,EH88HH,"No crossing facility within 50m or physical crossing facility not controlled by authorised person","Pelican, puffin, toucan or similar non-junction pedestrian light crossing","At scene","55.95718,-3.16707"
180912,,Slight,1,1,29/03/2012,Thursday,29,March,12,12,50,230,C,,"Single carriageway - 2 lanes",30,"'T' or staggered junction","Automatic Traffic Signal",Unclassified,,"Daylight: street lights present","Fine (without high winds)",Dry,None,None,"No overtaking",325620,674290,520572,Junction,Pedestrian,354718,unset,EH13PG,"No crossing facility within 50m or physical crossing facility not controlled by authorised person","Pedestrian phase at traffic signal junction","At scene","55.95586,-3.19281"
181012,,Slight,3,2,29/03/2012,Thursday,29,March,12,21,43,230,Unclassified,,"Single carriageway - 2 lanes",30,"Other junction","Automatic Traffic Signal",Unclassified,,"Darkness: street lights present and lit","Fine (without high winds)",Dry,None,None,"No overtaking",327350,674390,520725,Junction,M.V.N.P.,354719,unset,EH75SU,"Control by other authorised person","Pedestrian phase at traffic signal junction","At scene","55.95702,-3.16515"
181912,,Slight,2,1,26/03/2012,Monday,26,March,12,11,40,230,Unclassified,,"Single carriageway - 2 lanes",30,Crossroads,"Give way sign or markings",Unclassified,,"Daylight: street lights present","Fine (without high winds)",Dry,None,None,"No overtaking",324920,674020,0,Unset,Cyclist,354720,unset,EH23LU,"No crossing facility within 50m or physical crossing facility not controlled by authorised person","No physical crossing facility within 50m","At scene","55.95333,-3.20395"
182812,,Slight,1,1,25/03/2012,Sunday,25,March,12,17,5,230,C,,"One way Street",30,"Other junction","Automatic Traffic Signal",Unclassified,,"Daylight: street lights present","Fine (without high winds)",Dry,None,None,"No overtaking",324780,673040,521439,Junction,Pedestrian,354721,unset,EH39PU,"No crossing facility within 50m or physical crossing facility not controlled by authorised person","Pedestrian phase at traffic signal junction","At scene","55.9445,-3.20592"
183112,,Slight,2,1,30/03/2012,Friday,30,March,12,15,40,230,Unclassified,,"Single carriageway - 2 lanes",30,"Not at or within 20 metres of junction",unset,"\",,"Daylight: street lights present","Fine (without high winds)",Dry,None,None,"No overtaking",324260,673190,4424274,Segment,T.V.N.P.,354722,unset,EH38DZ,"No crossing facility within 50m or physical crossing facility not controlled by authorised person","No physical crossing facility within 50m","At scene","55.94576,-3.21428"
183612,,Serious,1,1,29/03/2012,Thursday,29,March,12,13,50,230,C,,"Single carriageway - 2 lanes",30,"'T' or staggered junction","Automatic Traffic Signal",A,900,"Daylight: street lights present","Fine (without high winds)",Dry,None,None,"No overtaking",326570,675140,519867,Junction,Pedestrian,354723,unset,EH68SE,"No crossing facility within 50m or physical crossing facility not controlled by authorised person","Pedestrian phase at traffic signal junction","At scene","55.96364,-3.17784"
183812,,Slight,1,1,30/03/2012,Friday,30,March,12,16,50,230,Unclassified,,"Single carriageway - 2 lanes",40,"Not at or within 20 metres of junction",unset,"\",,"Daylight: street lights present","Fine (without high winds)",Dry,None,None,"No overtaking",324360,675980,563652,Segment,Pedestrian,354724,unset,EH53QG,"No crossing facility within 50m or physical crossing facility not controlled by authorised person","Pedestrian phase at traffic signal junction","At scene","55.97084,-3.21347"
184712,,Slight,2,1,27/03/2012,Tuesday,27,March,12,19,0,230,Unclassified,,"Single carriageway - 2 lanes",30,"'T' or staggered junction","Give way sign or markings",Unclassified,,"Daylight: street lights present","Fine (without high winds)",Dry,None,None,"No overtaking",320700,672330,0,Unset,Cyclist,354725,unset,EH127EL,"No crossing facility within 50m or physical crossing facility not controlled by authorised person","No physical crossing facility within 50m","At scene","55.93746,-3.27101"
185112,,Serious,2,1,31/03/2012,Saturday,31,March,12,10,50,230,Unclassified,,"Single carriageway - 2 lanes",30,"Other junction","Give way sign or markings",Unclassified,,"Daylight: no street lighting","Fine (without high winds)",Dry,None,None,"No overtaking",324510,671490,530434,Junction,Cyclist,354726,unset,EH104AY,"No crossing facility within 50m or physical crossing facility not controlled by authorised person","No physical crossing facility within 50m",Elsewhere,"55.93053,-3.20981"
185212,,Slight,2,1,31/03/2012,Saturday,31,March,12,15,12,230,A,70,"Single carriageway - 2 lanes",30,"'T' or staggered junction","Give way sign or markings",Unclassified,,"Daylight: street lights present","Fine (without high winds)",Dry,None,None,"No overtaking",317710,667500,517909,Junction,Cyclist,354727,unset,EH145RT,"No crossing facility within 50m or physical crossing facility not controlled by authorised person","No physical crossing facility within 50m",Elsewhere,"55.89357,-3.3174"
185312,,Serious,2,1,29/03/2012,Thursday,29,March,12,14,40,230,C,,"Single carriageway - 2 lanes",30,"Other junction","Give way sign or markings",Unclassified,,"Daylight: street lights present","Fine (without high winds)",Dry,None,None,"No overtaking",324630,672680,533338,Junction,Cyclist,354728,unset,EH39NQ,"No crossing facility within 50m or physical crossing facility not controlled by authorised person","No physical crossing facility within 50m","At scene","55.94124,-3.20822"
186512,,Slight,2,1,29/03/2012,Thursday,29,March,12,17,30,230,Unclassified,,"Single carriageway - 2 lanes",30,"'T' or staggered junction","Give way sign or markings",Unclassified,,"Daylight: no street lighting","Fine (without high winds)",Dry,None,None,"No overtaking",324790,676750,0,Unset,T.V.N.P.,354729,unset,EH53HW,"No crossing facility within 50m or physical crossing facility not controlled by authorised person","No physical crossing facility within 50m","At scene","55.97782,-3.20679"
186612,,Slight,1,1,01/04/2012,Sunday,1,April,12,7,0,230,Unclassified,,"Single carriageway - 2 lanes",30,"Not at or within 20 metres of junction",unset,"\",,"Daylight: no street lighting","Fine (without high winds)",Dry,None,None,"No overtaking",325750,670980,564328,Segment,S.V.N.P.,356964,unset,EH93HP,"No crossing facility within 50m or physical crossing facility not controlled by authorised person","No physical crossing facility within 50m","At scene","55.92614,-3.18982"
186912,,Serious,3,3,01/04/2012,Sunday,1,April,12,21,46,230,Unclassified,,"Single carriageway - 2 lanes",30,"Not at or within 20 metres of junction",unset,"\",,"Daylight: no street lighting","Fine (without high winds)",Dry,None,None,"No overtaking",325170,675090,566882,Segment,M.V.N.P.,356965,unset,EH35JP,"No crossing facility within 50m or physical crossing facility not controlled by authorised person","No physical crossing facility within 50m","At scene","55.96298,-3.20024"
188612,,Serious,1,1,02/04/2012,Monday,2,April,12,11,2,230,A,902,"Single carriageway - 2 lanes",30,"Not at or within 20 metres of junction",unset,"\",,"Daylight: street lights present","Fine (without high winds)",Dry,None,None,"No overtaking",322210,674900,563694,Segment,Pedestrian,356966,unset,EH42SD,"No crossing facility within 50m or physical crossing facility not controlled by authorised person","Central refuge - no other controls","At scene","55.9608,-3.2476"
189212,,Slight,2,1,02/04/2012,Monday,2,April,12,17,0,230,C,,"Single carriageway - 2 lanes",30,"Other junction","Automatic Traffic Signal",C,,"Daylight: street lights present","Fine (without high winds)",Dry,None,None,"No overtaking",325010,674400,520536,Junction,T.V.N.P.,356967,unset,EH36TH,"No crossing facility within 50m or physical crossing facility not controlled by authorised person","Central refuge - no other controls","At scene","55.95675,-3.20261"
190012,,Serious,2,1,02/04/2012,Monday,2,April,12,8,40,230,A,8,"Dual carriageway - 2 lanes",40,Roundabout,"Automatic Traffic Signal",A,8,"Darkness: street lights present but unlit","Fine (without high winds)",Dry,None,None,"No overtaking",312590,672650,517576,Junction,Cyclist,356968,unset,EH288PP,"No crossing facility within 50m or physical crossing facility not controlled by authorised person","No physical crossing facility within 50m","At scene","55.93893,-3.40091"
190212,,Slight,3,1,02/04/2012,Monday,2,April,12,17,0,230,Unclassified,,"Single carriageway - 2 lanes",30,"'T' or staggered junction","Give way sign or markings",Unclassified,,"Daylight: street lights present","Fine (without high winds)",Dry,None,None,"No overtaking",322380,673970,12223283,Junction,M.V.N.P.,356969,unset,EH43LD,"No crossing facility within 50m or physical crossing facility not controlled by authorised person","No physical crossing facility within 50m","At scene","55.95247,-3.24461"
191112,,Serious,1,1,02/04/2012,Monday,2,April,12,15,8,230,A,702,"Single carriageway - 2 lanes",30,"Not at or within 20 metres of junction",unset,"\",,"Daylight: no street lighting","Raining (without high winds)",Dry,None,None,"No overtaking",324500,671980,548994,Segment,Pedestrian,356970,unset,EH104DH,"No crossing facility within 50m or physical crossing facility not controlled by authorised person","Pelican, puffin, toucan or similar non-junction pedestrian light crossing","At scene","55.93493,-3.2101"
191512,,Slight,1,1,03/04/2012,Tuesday,3,April,12,14,35,230,Unclassified,,"Single carriageway - 2 lanes",30,Crossroads,"Automatic Traffic Signal",Unclassified,,"Daylight: street lights present","Snowing (without high winds)",Dry,None,None,"No overtaking",326500,672240,522102,Junction,Bus,356971,unset,EH91QN,"No crossing facility within 50m or physical crossing facility not controlled by authorised person","Pedestrian phase at traffic signal junction","At scene","55.93758,-3.17817"
193312,,Slight,2,5,04/04/2012,Wednesday,4,April,12,7,0,230,Motorway,8,"Dual carriageway - 2 lanes",70,"Not at or within 20 metres of junction",unset,"\",,"Daylight: street lights present","Fine (without high winds)",Dry,None,None,"No overtaking",317460,670480,6452039,Segment,T.V.N.P.,356972,unset,EH129BU,"No crossing facility within 50m or physical crossing facility not controlled by authorised person","No physical crossing facility within 50m",Elsewhere,"55.9203,-3.32231"
193512,,Slight,1,1,04/04/2012,Wednesday,4,April,12,11,0,230,C,,"Single carriageway - 2 lanes",30,"'T' or staggered junction","Give way sign or markings",Unclassified,,"Daylight: street lights present","Fine (without high winds)",Dry,None,None,"No overtaking",325050,673030,521454,Junction,Bus,356973,unset,EH39HX,"No crossing facility within 50m or physical crossing facility not controlled by authorised person","No physical crossing facility within 50m","At scene","55.94445,-3.20159"
194512,,Slight,3,2,04/04/2012,Wednesday,4,April,12,18,3,230,Unclassified,,"Single carriageway - 2 lanes",30,Roundabout,"Give way sign or markings",Unclassified,,"Daylight: street lights present","Fine (without high winds)",Dry,None,None,"No overtaking",326750,673940,521178,Junction,M.V.N.P.,356974,unset,EH88BY,"No crossing facility within 50m or physical crossing facility not controlled by authorised person","No physical crossing facility within 50m","At scene","55.95289,-3.17463"
194812,,Slight,2,1,04/04/2012,Wednesday,4,April,12,18,13,230,Unclassified,,"Single carriageway - 2 lanes",30,"Other junction","Authorised Person",C,,"Daylight: street lights present","Fine (without high winds)",Dry,None,None,"No overtaking",325710,673320,521541,Junction,Cyclist,356975,unset,EH11EY,"Control by other authorised person","Zebra crossing",Elsewhere,"55.94716,-3.19111"
195112,,Slight,2,1,02/04/2012,Monday,2,April,12,13,40,230,Unclassified,,"Single carriageway - 2 lanes",30,"Not at or within 20 metres of junction",unset,"\",,"Daylight: street lights present","Raining (without high winds)",Dry,None,None,"No overtaking",324700,674010,520485,Junction,T.V.N.P.,356976,unset,EH24DR,"No crossing facility within 50m or physical crossing facility not controlled by authorised person","Pedestrian phase at traffic signal junction",Elsewhere,"55.9532,-3.20747"
195212,,Slight,2,1,05/04/2012,Thursday,5,April,12,12,5,230,B,901,"Single carriageway - 2 lanes",30,"'T' or staggered junction","Give way sign or markings",Unclassified,,"Daylight: street lights present","Fine (without high winds)",Dry,None,None,"No overtaking",325880,674480,520608,Junction,Cyclist,356977,unset,EH13RH,"No crossing facility within 50m or physical crossing facility not controlled by authorised person","No physical crossing facility within 50m",Elsewhere,"55.95761,-3.18871"
195412,,Fatal,1,1,05/04/2012,Thursday,5,April,12,12,10,230,C,,"Single carriageway - 2 lanes",30,"Not at or within 20 metres of junction",unset,"\",,"Daylight: street lights present","Fine (without high winds)",Dry,None,None,"No overtaking",323500,674680,560003,Segment,Pedestrian,356978,unset,EH42HU,"No crossing facility within 50m or physical crossing facility not controlled by authorised person","No physical crossing facility within 50m","At scene","55.95903,-3.22687"
196212,,Slight,1,1,05/04/2012,Thursday,5,April,12,14,0,230,A,702,"Single carriageway - 2 lanes",30,Crossroads,"Give way sign or markings",Unclassified,,"Daylight: street lights present","Fine (without high winds)",Dry,"Road suface defective",None,"No overtaking",324580,672120,522027,Junction,S.V.N.P.,356979,unset,EH104EB,"No crossing facility within 50m or physical crossing facility not controlled by authorised person","Pelican, puffin, toucan or similar non-junction pedestrian light crossing","At scene","55.9362,-3.20886"
199812,,Slight,1,1,23/03/2012,Friday,23,March,12,13,10,230,C,,"Single carriageway - 2 lanes",30,"Not at or within 20 metres of junction",unset,"\",,"Daylight: no street lighting","Fine (without high winds)",Dry,None,None,"No overtaking",325380,674040,566552,Segment,Pedestrian,354730,unset,EH22PF,"No crossing facility within 50m or physical crossing facility not controlled by authorised person","No physical crossing facility within 50m","At scene","55.95358,-3.19659"
199912,,Slight,2,1,07/04/2012,Saturday,7,April,12,15,25,230,A,71,Roundabout,40,Roundabout,"Stop sign",A,71,"Daylight: street lights present","Fine (without high winds)",Dry,None,None,"No overtaking",319430,670660,529651,Junction,T.V.N.P.,356980,unset,EH114NT,"No crossing facility within 50m or physical crossing facility not controlled by authorised person","No physical crossing facility within 50m","At scene","55.92225,-3.29084"
200112,,Slight,2,1,30/03/2012,Friday,30,March,12,16,10,230,C,,"Single carriageway - 2 lanes",30,"Not at or within 20 metres of junction",unset,"\",,"Daylight: no street lighting","Fine (without high winds)",Dry,None,None,"No overtaking",322270,671910,522216,Junction,Bus,354731,unset,EH112RZ,"No crossing facility within 50m or physical crossing facility not controlled by authorised person","Pedestrian phase at traffic signal junction",Elsewhere,"55.93395,-3.24577"
200412,,Slight,2,1,07/04/2012,Saturday,7,April,12,18,0,230,Unclassified,,"Single carriageway - 2 lanes",30,Mini-roundabout,"Give way sign or markings",Unclassified,,"Daylight: street lights present","Fine (without high winds)",Dry,None,None,"No overtaking",324290,675490,12232951,Junction,T.V.N.P.,356981,unset,EH35NY,"No crossing facility within 50m or physical crossing facility not controlled by authorised person","No physical crossing facility within 50m","At scene","55.96643,-3.21445"
201312,,Slight,1,1,09/04/2012,Monday,9,April,12,3,39,230,A,702,"Single carriageway - 2 lanes",30,"Other junction","Automatic Traffic Signal",C,,"Darkness: street lights present and lit","Fine (without high winds)",Dry,None,None,"No overtaking",324910,672980,533371,Junction,Pedestrian,356982,unset,EH39BN,"No crossing facility within 50m or physical crossing facility not controlled by authorised person","No physical crossing facility within 50m","At scene","55.94398,-3.20382"
202212,,Slight,1,1,05/04/2012,Thursday,5,April,12,12,30,230,A,901,"Single carriageway - 2 lanes",30,"Not at or within 20 metres of junction",unset,"\",,"Daylight: no street lighting","Fine (without high winds)",Dry,None,None,"No overtaking",326920,675950,558734,Segment,Pedestrian,356983,unset,EH65HX,"No crossing facility within 50m or physical crossing facility not controlled by authorised person","No physical crossing facility within 50m","At scene","55.97097,-3.17246"
202512,,Slight,1,1,06/04/2012,Friday,6,April,12,13,5,230,C,,"Single carriageway - 2 lanes",30,Roundabout,"Give way sign or markings",C,,"Daylight: street lights present","Fine (without high winds)",Dry,None,None,"No overtaking",325130,673980,521067,Junction,Bus,356984,unset,EH23EE,"Control by other authorised person","Pedestrian phase at traffic signal junction",Elsewhere,"55.953,-3.20057"
203612,,Slight,2,1,10/04/2012,Tuesday,10,April,12,16,36,230,C,,"Single carriageway - 2 lanes",30,Crossroads,"Give way sign or markings",Unclassified,,"Daylight: no street lighting","Fine (without high winds)",Dry,None,None,"No overtaking",320390,671920,522141,Junction,T.V.N.P.,356985,unset,EH127DU,"No crossing facility within 50m or physical crossing facility not controlled by authorised person","No physical crossing facility within 50m","At scene","55.93373,-3.27585"
203712,,Slight,2,2,10/04/2012,Tuesday,10,April,12,17,25,230,A,90,"Single carriageway - 2 lanes",40,"'T' or staggered junction","Automatic Traffic Signal",B,701,"Daylight: no street lighting","Fine (without high winds)",Dry,None,None,"No overtaking",318890,674910,519933,Junction,T.V.N.P.,356986,unset,EH48AR,"No crossing facility within 50m or physical crossing facility not controlled by authorised person","No physical crossing facility within 50m","At scene","55.96033,-3.30076"
204412,,Slight,2,1,19/03/2012,Monday,19,March,12,18,55,230,C,,"Single carriageway - 2 lanes",30,Crossroads,"Give way sign or markings",Unclassified,,"Darkness: street lights present and lit","Raining (without high winds)",Dry,None,None,"No overtaking",327030,675220,0,Unset,Cyclist,354732,unset,EH68RT,"No crossing facility within 50m or physical crossing facility not controlled by authorised person","No physical crossing facility within 50m","At scene","55.96443,-3.1705"
205112,,Serious,1,1,11/04/2012,Wednesday,11,April,12,16,10,230,Unclassified,,"Dual carriageway - 2 lanes",40,"Not at or within 20 metres of junction",unset,"\",,"Daylight: street lights present","Fine (without high winds)",Dry,None,None,"No overtaking",320050,669420,551630,Segment,Pedestrian,356987,unset,EH143AX,"No crossing facility within 50m or physical crossing facility not controlled by authorised person","No physical crossing facility within 50m","At scene","55.91121,-3.28056"
205312,,Slight,1,1,10/04/2012,Tuesday,10,April,12,20,55,230,A,901,"Single carriageway - 2 lanes",30,"'T' or staggered junction","Give way sign or markings",A,901,"Darkness: street lights present and lit","Fine (without high winds)",Dry,None,None,"No overtaking",325810,677000,532669,Junction,Pedestrian,356988,unset,EH64HY,"No crossing facility within 50m or physical crossing facility not controlled by authorised person","No physical crossing facility within 50m",Elsewhere,"55.98023,-3.19053"
205512,,Slight,2,1,11/04/2012,Wednesday,11,April,12,16,29,230,A,71,"One way Street",30,Roundabout,"Automatic Traffic Signal",Unclassified,,"Daylight: no street lighting","Fine (without high winds)",Dry,None,None,"No overtaking",318530,670390,2307036,Junction,Cyclist,356989,unset,EH144AW,"Control by other authorised person","Pedestrian phase at traffic signal junction","At scene","55.91967,-3.30516"
205612,,Slight,2,1,06/04/2012,Friday,6,April,12,13,10,230,Unclassified,,"Single carriageway - 2 lanes",30,"'T' or staggered junction","Give way sign or markings",Unclassified,,"Daylight: no street lighting","Fine (without high winds)",Dry,None,None,"No overtaking",327200,674930,12239021,Junction,T.V.N.P.,356990,unset,EH75QU,"Control by other authorised person","Pedestrian phase at traffic signal junction",Elsewhere,"55.96185,-3.16769"
206412,,Slight,2,1,12/04/2012,Thursday,12,April,12,15,15,230,B,1350,"Single carriageway - 2 lanes",30,Roundabout,"Give way sign or markings",A,900,"Daylight: street lights present","Fine (without high winds)",Dry,None,None,"No overtaking",326160,674510,520236,Junction,Cyclist,356991,unset,EH75DX,"No crossing facility within 50m or physical crossing facility not controlled by authorised person","No physical crossing facility within 50m",Elsewhere,"55.95792,-3.18424"
206612,,Slight,2,1,12/04/2012,Thursday,12,April,12,8,30,230,B,9085,"Single carriageway - 2 lanes",30,Mini-roundabout,"Give way sign or markings",Unclassified,,"Daylight: street lights present","Raining (without high winds)",Dry,None,None,"No overtaking",320540,675440,519747,Junction,Cyclist,356992,unset,EH46AR,"No crossing facility within 50m or physical crossing facility not controlled by authorised person","Zebra crossing","At scene","55.96537,-3.27449"
207912,,Slight,4,1,13/04/2012,Friday,13,April,12,13,0,230,A,8000,"Dual carriageway - 2 lanes",30,"Not at or within 20 metres of junction",unset,"\",,"Daylight: no street lighting","Fine (without high winds)",Dry,None,None,"No overtaking",312970,677510,555198,Segment,M.V.N.P.,356993,unset,EH309YA,"No crossing facility within 50m or physical crossing facility not controlled by authorised person","No physical crossing facility within 50m","At scene","55.98265,-3.3964"
208512,,Slight,3,2,13/04/2012,Friday,13,April,12,10,24,230,A,720,"Dual carriageway - 2 lanes",70,"Not at or within 20 metres of junction",unset,"\",,"Daylight: no street lighting","Fine (without high winds)",Dry,None,None,"No overtaking",319900,669430,2578907,Segment,M.V.N.P.,356994,unset,EH143BS,"No crossing facility within 50m or physical crossing facility not controlled by authorised person","No physical crossing facility within 50m","At scene","55.91128,-3.28296"
210012,,Slight,2,2,13/04/2012,Friday,13,April,12,21,30,230,A,90,"Dual carriageway - 2 lanes",40,"Multiple junction","Automatic Traffic Signal",A,902,"Darkness: street lights present and lit","Fine (without high winds)",Dry,None,None,"No overtaking",321550,674920,520029,Junction,T.V.N.P.,356995,unset,EH42AQ,"No crossing facility within 50m or physical crossing facility not controlled by authorised person","Pedestrian phase at traffic signal junction","At scene","55.96087,-3.25817"
210112,,Serious,1,1,14/04/2012,Saturday,14,April,12,14,32,230,Unclassified,,"Single carriageway - 2 lanes",30,"Not at or within 20 metres of junction",unset,"\",,"Daylight: street lights present","Fine (without high winds)",Dry,None,None,"No overtaking",323540,668730,564815,Segment,Bus,356996,unset,EH139NE,"No crossing facility within 50m or physical crossing facility not controlled by authorised person","No physical crossing facility within 50m",Elsewhere,"55.90558,-3.22455"