acc_ref,beat_no,severity,no_vehicle,no_casualt,a_date,a_day,a_date_day,a_date_mon,a_date_yr,a_time_hr,a_time_min,loc_auth,road1_class,road1_no,road_type,speed_limi,junc_det,junc_ctrl,road2_class,road2_no,light_cond,weather,road_surf,spec_cond,cway_hzrds,ovrtk_patrn,easting,northing,net_id,net_type,acc_type,text_id,division,Postcode,ped_xing_hc,ped_xing_p,place_reported,Location
394112,,Slight,1,1,21/06/2012,Thursday,21,June,12,17,30,230,Unclassified,,"Single carriageway - 2 lanes",30,"Not at or within 20 metres of junction",unset,"\",,"Daylight: street lights present","Fine (without high winds)",Dry,None,None,"No overtaking",318760,668470,0,Unset,Pedestrian,355018,unset,EH145HE,"No crossing facility within 50m or physical crossing facility not controlled by authorised person","No physical crossing facility within 50m",Elsewhere,"55.90246,-3.3009"
394512,,Slight,2,1,19/07/2012,Thursday,19,July,12,8,0,230,A,900,"Single carriageway - 2 lanes",30,"Not at or within 20 metres of junction",unset,"\",,"Daylight: street lights present","Fine (without high winds)",Dry,None,None,"No overtaking",326800,675580,519481,Junction,Cyclist,365814,unset,EH68NR,"No crossing facility within 50m or physical crossing facility not controlled by authorised person","No physical crossing facility within 50m","At scene","55.96763,-3.17428"
394612,,Slight,2,1,19/07/2012,Thursday,19,July,12,11,50,230,A,6106,"Single carriageway - 2 lanes",30,Crossroads,"Authorised Person",Unclassified,,"Daylight: street lights present","Fine (without high winds)",Dry,None,None,"No overtaking",330490,671780,530032,Junction,T.V.N.P.,365815,unset,EH153EJ,"No crossing facility within 50m or physical crossing facility not controlled by authorised person","Pedestrian phase at traffic signal junction","At scene","55.93404,-3.11419"
394712,,Slight,1,1,13/07/2012,Friday,13,July,12,17,0,230,Unclassified,,"Single carriageway - 2 lanes",30,"Not at or within 20 metres of junction",unset,"\",,"Daylight: street lights present","Fine (without high winds)",Dry,None,None,"No overtaking",321600,675650,0,Unset,Pedestrian,365816,unset,EH44QX,"No crossing facility within 50m or physical crossing facility not controlled by authorised person","No physical crossing facility within 50m",Elsewhere,"55.96743,-3.25758"
395312,,Slight,2,1,19/07/2012,Thursday,19,July,12,14,45,230,Unclassified,,"Single carriageway - 2 lanes",30,"Not at or within 20 metres of junction",unset,"\",,"Daylight: street lights present","Fine (without high winds)",Dry,None,None,"No overtaking",312970,677820,4422029,Segment,T.V.N.P.,365817,unset,EH309NZ,"No crossing facility within 50m or physical crossing facility not controlled by authorised person","Pedestrian phase at traffic signal junction",Elsewhere,"55.98544,-3.3965"
396512,,Slight,2,1,19/07/2012,Thursday,19,July,12,9,55,230,C,,"Single carriageway - 2 lanes",30,Crossroads,"Automatic Traffic Signal",B,701,"Daylight: street lights present","Fine (without high winds)",Dry,None,None,"No overtaking",328290,668460,530308,Junction,Cyclist,365818,unset,EH166QT,"No crossing facility within 50m or physical crossing facility not controlled by authorised person","Central refuge - no other controls","At scene","55.90389,-3.14852"
397312,,Slight,2,1,19/07/2012,Thursday,19,July,12,17,20,230,Unclassified,,"Single carriageway - 2 lanes",30,Crossroads,"Automatic Traffic Signal",Unclassified,,"Daylight: street lights present","Fine (without high winds)",Dry,None,None,"No overtaking",325980,671020,533401,Junction,Cyclist,365819,unset,EH93HN,"No crossing facility within 50m or physical crossing facility not controlled by authorised person","Pedestrian phase at traffic signal junction","At scene","55.92654,-3.18615"
397712,,Slight,1,1,20/07/2012,Friday,20,July,12,18,51,230,Unclassified,,"Single carriageway - 2 lanes",30,"'T' or staggered junction","Stop sign",C,,"Daylight: no street lighting","Fine (without high winds)",Dry,None,None,"No overtaking",326270,673740,521163,Junction,Pedestrian,365820,unset,EH88BJ,"No crossing facility within 50m or physical crossing facility not controlled by authorised person","No physical crossing facility within 50m","At scene","55.95102,-3.18226"
398112,,Slight,1,1,21/07/2012,Saturday,21,July,12,11,5,230,A,71,"Single carriageway - 2 lanes",30,"Other junction","Give way sign or markings",Unclassified,,"Daylight: street lights present","Fine (without high winds)",Dry,None,None,"No overtaking",322950,672260,521961,Junction,Bus,365821,unset,EH111TU,"No crossing facility within 50m or physical crossing facility not controlled by authorised person","No physical crossing facility within 50m","At scene","55.9372,-3.23499"
398412,,Slight,2,1,21/07/2012,Saturday,21,July,12,9,20,230,Unclassified,,"Single carriageway - 2 lanes",30,"Other junction","Give way sign or markings",Unclassified,,"Daylight: street lights present","Fine (without high winds)",Dry,None,None,"No overtaking",324600,668310,533134,Junction,Cyclist,365822,unset,EH107BE,"No crossing facility within 50m or physical crossing facility not controlled by authorised person","No physical crossing facility within 50m","At scene","55.90198,-3.20748"
398712,,Serious,1,1,17/07/2012,Tuesday,17,July,12,8,45,230,A,90,"Single carriageway - 2 lanes",30,"Not at or within 20 metres of junction",unset,"\",,"Daylight: street lights present","Fine (without high winds)",Dry,None,None,"No overtaking",324590,673720,520959,Junction,Pedestrian,365823,unset,EH24PG,"No crossing facility within 50m or physical crossing facility not controlled by authorised person","No physical crossing facility within 50m","At scene","55.95058,-3.20915"
400412,,Slight,3,4,23/07/2012,Monday,23,July,12,9,41,230,C,,"Single carriageway - 2 lanes",30,"'T' or staggered junction","Give way sign or markings",Unclassified,,"Daylight: no street lighting","Raining (without high winds)",Dry,None,None,"No overtaking",323040,669170,532963,Junction,M.V.N.P.,365824,unset,EH139BJ,"No crossing facility within 50m or physical crossing facility not controlled by authorised person","Pelican, puffin, toucan or similar non-junction pedestrian light crossing","At scene","55.90946,-3.23267"
400612,,Slight,2,2,23/07/2012,Monday,23,July,12,11,40,230,A,199,"Single carriageway - 2 lanes",30,"'T' or staggered junction","Give way sign or markings",Unclassified,,"Daylight: street lights present","Raining (without high winds)",Dry,None,None,"No overtaking",329500,675190,523269,Junction,T.V.N.P.,365825,unset,EH151TB,"No crossing facility within 50m or physical crossing facility not controlled by authorised person","No physical crossing facility within 50m","At scene","55.96453,-3.13092"
400812,,Slight,2,1,23/07/2012,Monday,23,July,12,10,20,230,A,71,"Dual carriageway - 2 lanes",60,Roundabout,"Give way sign or markings",C,,"Daylight: street lights present","Raining (without high winds)",Dry,None,None,"No overtaking",320680,671100,529513,Junction,T.V.N.P.,365826,unset,EH113RQ,"No crossing facility within 50m or physical crossing facility not controlled by authorised person","No physical crossing facility within 50m",Elsewhere,"55.92641,-3.27097"
402912,,Serious,2,1,23/07/2012,Monday,23,July,12,14,0,230,Unclassified,,"Single carriageway - 2 lanes",30,"Not at or within 20 metres of junction",unset,"\",,"Daylight: street lights present","Raining (without high winds)",Dry,None,None,"No overtaking",312020,672570,0,Unset,T.V.N.P.,365827,unset,EH288SU,"No crossing facility within 50m or physical crossing facility not controlled by authorised person","Central refuge - no other controls","At scene","55.93811,-3.41"
403112,,Slight,2,1,23/07/2012,Monday,23,July,12,12,10,230,Unclassified,,"Single carriageway - 2 lanes",30,"Other junction","Give way sign or markings",Unclassified,,"Daylight: street lights present","Raining (without high winds)",Dry,None,None,"No overtaking",326360,674860,520263,Junction,T.V.N.P.,365828,unset,EH74AG,"No crossing facility within 50m or physical crossing facility not controlled by authorised person","No physical crossing facility within 50m",Elsewhere,"55.96109,-3.18113"
403512,,Slight,1,1,24/07/2012,Tuesday,24,July,12,11,30,230,Unclassified,,"Single carriageway - 2 lanes",30,"Not at or within 20 metres of junction",unset,"\",,"Daylight: street lights present","Fine (without high winds)",Dry,None,None,"No overtaking",324660,673610,0,Unset,Pedestrian,365829,unset,EH12AE,"No crossing facility within 50m or physical crossing facility not controlled by authorised person","No physical crossing facility within 50m","At scene","55.9496,-3.208"
403712,,Slight,1,1,21/07/2012,Saturday,21,July,12,20,55,230,A,900,"Single carriageway - 2 lanes",30,"'T' or staggered junction","Automatic Traffic Signal",Unclassified,,"Darkness: street lights present and lit",Unknown,Dry,None,None,"No overtaking",326540,675110,519867,Junction,Pedestrian,365830,unset,EH74PE,"No crossing facility within 50m or physical crossing facility not controlled by authorised person","Pedestrian phase at traffic signal junction","At scene","55.96337,-3.17831"
403912,,Slight,2,1,24/07/2012,Tuesday,24,July,12,14,20,230,A,701,"Single carriageway - 2 lanes",30,Crossroads,"Automatic Traffic Signal",Unclassified,,"Daylight: street lights present","Fine (without high winds)",Dry,None,None,"No overtaking",327190,670960,523071,Junction,T.V.N.P.,365831,unset,EH165PB,"No crossing facility within 50m or physical crossing facility not controlled by authorised person","Pedestrian phase at traffic signal junction",Elsewhere,"55.92618,-3.16678"
404012,,Slight,1,1,23/07/2012,Monday,23,July,12,22,58,230,A,900,"Single carriageway - 2 lanes",30,Crossroads,"Automatic Traffic Signal",Unclassified,,"Darkness: street lights present and lit","Fine (without high winds)",Dry,None,None,"No overtaking",326370,674880,520266,Junction,Pedestrian,365832,unset,EH74AG,"No crossing facility within 50m or physical crossing facility not controlled by authorised person","Pedestrian phase at traffic signal junction","At scene","55.96128,-3.18097"
404212,,Serious,1,1,24/07/2012,Tuesday,24,July,12,15,15,230,Motorway,8,Roundabout,50,Roundabout,"Automatic Traffic Signal",Motorway,8,"Daylight: street lights present","Fine (without high winds)",Dry,None,None,"No overtaking",318110,671030,6452838,Junction,S.V.N.P.,365833,unset,EH129BU,"No crossing facility within 50m or physical crossing facility not controlled by authorised person","No physical crossing facility within 50m","At scene","55.92535,-3.31207"
405412,,Slight,1,1,25/07/2012,Wednesday,25,July,12,16,15,230,B,900,"Single carriageway - 2 lanes",30,"Not at or within 20 metres of junction",unset,"\",,"Daylight: street lights present","Fine (without high winds)",Dry,None,None,"No overtaking",324490,674660,554192,Segment,Bus,365834,unset,EH41HN,"No crossing facility within 50m or physical crossing facility not controlled by authorised person","Pedestrian phase at traffic signal junction","At scene","55.95901,-3.21101"
405512,,Slight,2,1,25/07/2012,Wednesday,25,July,12,17,30,230,Unclassified,,"One way Street",30,"Not at or within 20 metres of junction",unset,"\",,"Daylight: street lights present","Fine (without high winds)",Dry,None,None,"No overtaking",324230,673330,521319,Junction,Cyclist,365835,unset,EH38JQ,"No crossing facility within 50m or physical crossing facility not controlled by authorised person","Pedestrian phase at traffic signal junction","At scene","55.94702,-3.2148"
405612,,Slight,2,1,20/07/2012,Friday,20,July,12,5,0,230,A,7,"Single carriageway - 2 lanes",30,Crossroads,"Give way sign or markings",Unclassified,,"Daylight: street lights present","Fine (without high winds)",Dry,None,None,"No overtaking",326030,673310,521586,Junction,T.V.N.P.,365836,unset,EH89DH,"No crossing facility within 50m or physical crossing facility not controlled by authorised person","No physical crossing facility within 50m","At scene","55.94712,-3.18599"
405712,,Slight,2,1,23/07/2012,Monday,23,July,12,17,4,230,Unclassified,,"Single carriageway - 2 lanes",30,"'T' or staggered junction","Give way sign or markings",Unclassified,,"Daylight: street lights present","Raining (without high winds)",Dry,None,None,"No overtaking",322010,675590,519364,Junction,T.V.N.P.,365837,unset,EH44PH,"No crossing facility within 50m or physical crossing facility not controlled by authorised person","No physical crossing facility within 50m","At scene","55.96696,-3.251"
406412,,Serious,2,1,25/07/2012,Wednesday,25,July,12,15,50,230,A,199,"Single carriageway - 2 lanes",40,"'T' or staggered junction","Give way sign or markings",Unclassified,,"Daylight: street lights present","Fine (without high winds)",Dry,None,None,"No overtaking",329670,674940,522489,Junction,T.V.N.P.,365838,unset,EH151ED,"No crossing facility within 50m or physical crossing facility not controlled by authorised person","No physical crossing facility within 50m","At scene","55.96231,-3.12814"
407112,,Slight,3,1,25/07/2012,Wednesday,25,July,12,17,15,230,A,70,"Single carriageway - 2 lanes",30,"'T' or staggered junction","Automatic Traffic Signal",C,,"Daylight: street lights present","Fine (without high winds)",Dry,None,None,"No overtaking",322220,670850,529735,Junction,M.V.N.P.,365839,unset,EH141LT,"No crossing facility within 50m or physical crossing facility not controlled by authorised person","Pedestrian phase at traffic signal junction","At scene","55.92442,-3.24627"
407312,,Slight,1,1,24/07/2012,Tuesday,24,July,12,15,44,230,Unclassified,,"Single carriageway - 2 lanes",30,"Not at or within 20 metres of junction",unset,"\",,"Daylight: street lights present","Fine (without high winds)",Dry,None,None,"No overtaking",326040,673280,569288,Segment,Bus,365840,unset,EH89DH,"No crossing facility within 50m or physical crossing facility not controlled by authorised person","No physical crossing facility within 50m",Elsewhere,"55.94685,-3.18582"
407412,,Slight,1,1,07/07/2012,Saturday,7,July,12,20,30,230,Unclassified,,"Single carriageway - 2 lanes",30,"Multiple junction","Automatic Traffic Signal",A,7,"Daylight: street lights present",Unknown,Dry,None,None,"No overtaking",329740,669470,530233,Junction,S.V.N.P.,365841,unset,EH164SP,"No crossing facility within 50m or physical crossing facility not controlled by authorised person","Pelican, puffin, toucan or similar non-junction pedestrian light crossing",Elsewhere,"55.91318,-3.12559"
407612,,Slight,2,1,26/07/2012,Thursday,26,July,12,9,7,230,Unclassified,,"Single carriageway - 2 lanes",30,"'T' or staggered junction","Give way sign or markings",Unclassified,,"Daylight: no street lighting","Fine (without high winds)",Dry,None,None,"No overtaking",329820,674110,0,Unset,Cyclist,365842,unset,EH76UL,"No crossing facility within 50m or physical crossing facility not controlled by authorised person","No physical crossing facility within 50m","At scene","55.95487,-3.12552"
407912,,Slight,2,2,25/07/2012,Wednesday,25,July,12,11,49,230,Unclassified,,"Single carriageway - 2 lanes",30,"'T' or staggered junction","Automatic Traffic Signal",Unclassified,,"Daylight: no street lighting","Fine (without high winds)",Dry,None,None,"No overtaking",324320,673030,10331569,Junction,T.V.N.P.,365843,unset,EH38AY,"No crossing facility within 50m or physical crossing facility not controlled by authorised person","No physical crossing facility within 50m",Elsewhere,"55.94434,-3.21328"
408712,,Slight,1,1,26/07/2012,Thursday,26,July,12,14,0,230,A,8,"Single carriageway - 2 lanes",30,"'T' or staggered junction","Automatic Traffic Signal",A,8,"Daylight: street lights present","Fine (without high winds)",Dry,None,None,"No overtaking",324800,673720,520932,Junction,Pedestrian,365844,unset,EH24AN,"No crossing facility within 50m or physical crossing facility not controlled by authorised person","No physical crossing facility within 50m","At scene","55.95061,-3.20579"
409412,,Slight,1,1,26/07/2012,Thursday,26,July,12,17,59,230,Unclassified,,"Single carriageway - 2 lanes",30,Roundabout,"Give way sign or markings",Unclassified,,"Daylight: no street lighting","Raining (without high winds)",Dry,None,None,"No overtaking",321410,671790,522171,Junction,Pedestrian,365845,unset,EH113DJ,"No crossing facility within 50m or physical crossing facility not controlled by authorised person","Zebra crossing","At scene","55.93273,-3.2595"
409512,,Serious,1,2,26/07/2012,Thursday,26,July,12,17,55,230,Unclassified,,"One way Street",30,"'T' or staggered junction","Automatic Traffic Signal",C,,"Daylight: no street lighting","Fine (without high winds)",Dry,None,None,"No overtaking",325490,674230,520524,Junction,Bus,365846,unset,EH21AW,"No crossing facility within 50m or physical crossing facility not controlled by authorised person","Pedestrian phase at traffic signal junction",Elsewhere,"55.9553,-3.19488"
409612,,Slight,2,1,26/07/2012,Thursday,26,July,12,18,58,230,C,,"Single carriageway - 2 lanes",30,"'T' or staggered junction","Give way sign or markings",Unclassified,,"Daylight: street lights present","Fine (without high winds)",Dry,None,None,"No overtaking",326270,673730,521163,Junction,Cyclist,365847,unset,EH88DQ,"No crossing facility within 50m or physical crossing facility not controlled by authorised person","No physical crossing facility within 50m","At scene","55.95093,-3.18226"
409712,,Slight,1,1,26/07/2012,Thursday,26,July,12,13,0,230,Motorway,8,"Dual carriageway - 2 lanes",70,"Slip road","Give way sign or markings",Motorway,8,"Daylight: street lights present","Raining (without high winds)",Dry,None,None,"No overtaking",317820,670710,6452605,Junction,S.V.N.P.,365848,unset,EH129BU,"No crossing facility within 50m or physical crossing facility not controlled by authorised person","No physical crossing facility within 50m","At scene","55.92243,-3.31662"
410312,,Serious,1,1,27/07/2012,Friday,27,July,12,12,30,230,Unclassified,,"Single carriageway - 2 lanes",30,"Not at or within 20 metres of junction",unset,"\",,"Daylight: street lights present","Fine (without high winds)",Dry,None,None,"No overtaking",328180,670710,568093,Segment,Pedestrian,365849,unset,EH164TE,"No crossing facility within 50m or physical crossing facility not controlled by authorised person","Central refuge - no other controls","At scene","55.92409,-3.15088"
410412,,Serious,2,1,27/07/2012,Friday,27,July,12,14,40,230,A,70,"Single carriageway - 2 lanes",30,"Not at or within 20 metres of junction",unset,"\",,"Daylight: street lights present","Fine (without high winds)",Dry,None,None,"No overtaking",320480,669010,561856,Segment,T.V.N.P.,365850,unset,EH145BA,"No crossing facility within 50m or physical crossing facility not controlled by authorised person","No physical crossing facility within 50m","At scene","55.9076,-3.27356"
410512,,Slight,1,1,27/07/2012,Friday,27,July,12,14,55,230,C,,"Single carriageway - 2 lanes",30,Mini-roundabout,"Give way sign or markings",Unclassified,,"Daylight: street lights present","Fine (without high winds)",Dry,None,None,"No overtaking",325510,673520,521133,Junction,Pedestrian,365851,unset,EH12NE,"No crossing facility within 50m or physical crossing facility not controlled by authorised person","No physical crossing facility within 50m","At scene","55.94892,-3.19436"
410612,,Slight,1,1,25/07/2012,Wednesday,25,July,12,12,15,230,A,900,"Dual carriageway - 2 lanes",30,"'T' or staggered junction","Give way sign or markings",Unclassified,,"Daylight: street lights present","Fine (without high winds)",Dry,None,None,"No overtaking",326670,675320,519876,Junction,Bus,365852,unset,EH68PD,"No crossing facility within 50m or physical crossing facility not controlled by authorised person","Pedestrian phase at traffic signal junction","At scene","55.96527,-3.17629"
410712,,Slight,2,1,27/07/2012,Friday,27,July,12,8,15,230,A,71,"Dual carriageway - 2 lanes",40,"Not at or within 20 metres of junction",unset,"\",,"Daylight: street lights present","Fine (without high winds)",Dry,None,None,"No overtaking",317840,670190,2578200,Junction,Cyclist,365853,unset,EH144AH,"No crossing facility within 50m or physical crossing facility not controlled by authorised person","Pedestrian phase at traffic signal junction",Elsewhere,"55.91776,-3.31614"
410912,,Slight,2,1,27/07/2012,Friday,27,July,12,22,15,230,C,,"Single carriageway - 2 lanes",30,"Not at or within 20 metres of junction",unset,"\",,"Darkness: street lights present and lit","Fine (without high winds)",Dry,None,None,"No overtaking",327110,670330,563128,Segment,T.V.N.P.,365854,unset,EH166AJ,"No crossing facility within 50m or physical crossing facility not controlled by authorised person","No physical crossing facility within 50m","At scene","55.92051,-3.16789"
413112,,Fatal,1,1,29/07/2012,Sunday,29,July,12,1,55,230,Unclassified,,"Dual carriageway - 2 lanes",30,"Not at or within 20 metres of junction",unset,"\",,"Darkness: street lights present and lit","Fine (without high winds)",Dry,None,None,"No overtaking",326550,676930,0,Unset,Pedestrian,365855,unset,EH66NB,"No crossing facility within 50m or physical crossing facility not controlled by authorised person","Pelican, puffin, toucan or similar non-junction pedestrian light crossing","At scene","55.97971,-3.17865"
413412,,Serious,4,4,28/07/2012,Saturday,28,July,12,11,20,230,A,90,"Dual carriageway - 2 lanes",40,"Not at or within 20 metres of junction",unset,"\",,"Daylight: no street lighting","Raining (without high winds)",Dry,None,None,"No overtaking",313360,677060,555681,Segment,M.V.N.P.,365856,unset,EH309SE,"No crossing facility within 50m or physical crossing facility not controlled by authorised person","No physical crossing facility within 50m","At scene","55.97868,-3.39"
413712,,Slight,2,1,28/07/2012,Saturday,28,July,12,14,19,230,Unclassified,,"Single carriageway - 2 lanes",30,Crossroads,"Give way sign or markings",Unclassified,,"Daylight: street lights present","Fine (without high winds)",Dry,None,None,"No overtaking",324220,673710,10258599,Junction,T.V.N.P.,365857,unset,EH37HR,"No crossing facility within 50m or physical crossing facility not controlled by authorised person","No physical crossing facility within 50m","At scene","55.95043,-3.21507"
413912,,Slight,1,1,28/07/2012,Saturday,28,July,12,22,0,230,Unclassified,,"Single carriageway - 2 lanes",30,"'T' or staggered junction","Automatic Traffic Signal",Unclassified,,"Darkness: street lights present and lit","Fine (without high winds)",Dry,None,None,"No overtaking",322350,671100,523488,Junction,Pedestrian,365858,unset,EH141QA,"No crossing facility within 50m or physical crossing facility not controlled by authorised person","Pedestrian phase at traffic signal junction","At scene","55.92668,-3.24426"
416112,,Slight,2,2,30/07/2012,Monday,30,July,12,7,15,230,A,90,"Single carriageway - 2 lanes",40,"'T' or staggered junction","Automatic Traffic Signal",B,701,"Darkness: street lights present but unlit","Fine (without high winds)",Dry,None,None,"No overtaking",318890,674910,519933,Junction,T.V.N.P.,365859,unset,EH48AR,"No crossing facility within 50m or physical crossing facility not controlled by authorised person","Pedestrian phase at traffic signal junction","At scene","55.96033,-3.30076"
416312,,Slight,2,2,30/07/2012,Monday,30,July,12,12,15,230,A,720,"Dual carriageway - 2 lanes",70,"Not at or within 20 metres of junction",unset,"\",,"Daylight: no street lighting","Fine (without high winds)",Dry,None,None,"No overtaking",325910,667190,2588155,Segment,T.V.N.P.,365860,unset,EH107DR,"No crossing facility within 50m or physical crossing facility not controlled by authorised person","No physical crossing facility within 50m","At scene","55.89212,-3.18622"
416812,,Slight,2,2,30/07/2012,Monday,30,July,12,12,56,230,C,,"Single carriageway - 2 lanes",30,"Not at or within 20 metres of junction",unset,"\",,"Daylight: street lights present","Fine (without high winds)",Dry,None,None,"No overtaking",321170,670940,564601,Segment,T.V.N.P.,365861,unset,EH142AX,"No crossing facility within 50m or physical crossing facility not controlled by authorised person","No physical crossing facility within 50m",Elsewhere,"55.92505,-3.26308"
418512,,Serious,2,1,28/07/2012,Saturday,28,July,12,21,55,230,Unclassified,,"Single carriageway - 2 lanes",30,"'T' or staggered junction","Give way sign or markings",Unclassified,,"Darkness: street lights present and lit","Fine (without high winds)",Dry,None,None,"No overtaking",321530,675490,12285884,Junction,Cyclist,365862,unset,EH44QT,"No crossing facility within 50m or physical crossing facility not controlled by authorised person","No physical crossing facility within 50m",Elsewhere,"55.96598,-3.25866"
419412,,Slight,2,1,31/07/2012,Tuesday,31,July,12,15,55,230,A,901,"Single carriageway - 2 lanes",30,"'T' or staggered junction","Give way sign or markings",Unclassified,,"Daylight: no street lighting","Fine (without high winds)",Dry,None,None,"No overtaking",326640,676270,531367,Junction,T.V.N.P.,365863,unset,EH65RU,"No crossing facility within 50m or physical crossing facility not controlled by authorised person","Pedestrian phase at traffic signal junction","At scene","55.97379,-3.17703"
419512,,Slight,2,1,30/07/2012,Monday,30,July,12,17,15,230,B,900,"Single carriageway - 2 lanes",30,"'T' or staggered junction","Automatic Traffic Signal",Unclassified,,"Daylight: street lights present","Raining (without high winds)",Dry,None,None,"No overtaking",325480,675120,519816,Junction,Cyclist,365864,unset,EH74EW,"No crossing facility within 50m or physical crossing facility not controlled by authorised person","Pedestrian phase at traffic signal junction","At scene","55.96329,-3.19529"
420212,,Serious,2,2,01/08/2012,Wednesday,1,August,12,0,34,230,A,70,"Single carriageway - 2 lanes",40,"Not at or within 20 metres of junction",unset,"\",,"Darkness: street lights present and lit","Raining (without high winds)",Dry,"Road marking defective or obscured",None,"No overtaking",322490,671220,561769,Segment,T.V.N.P.,357177,unset,EH141PU,"No crossing facility within 50m or physical crossing facility not controlled by authorised person","No physical crossing facility within 50m","At scene","55.92778,-3.24205"
420512,,Serious,1,3,01/08/2012,Wednesday,1,August,12,5,30,230,Motorway,8,"Dual carriageway - 2 lanes",70,"Not at or within 20 metres of junction",unset,"\",,"Daylight: street lights present","Fine (without high winds)",Dry,None,None,"No overtaking",311550,671160,562603,Segment,S.V.N.P.,357178,unset,EH288LQ,"No crossing facility within 50m or physical crossing facility not controlled by authorised person","No physical crossing facility within 50m","At scene","55.92536,-3.41706"
421712,,Slight,3,2,01/08/2012,Wednesday,1,August,12,9,30,230,C,,"Single carriageway - 2 lanes",30,"Other junction","Automatic Traffic Signal",Unclassified,,"Daylight: street lights present","Fine (without high winds)",Dry,None,None,"No overtaking",325370,673940,521061,Junction,Cyclist,357179,unset,EH22DL,"No crossing facility within 50m or physical crossing facility not controlled by authorised person","Pedestrian phase at traffic signal junction","At scene","55.95268,-3.19672"
421812,,Slight,4,1,01/08/2012,Wednesday,1,August,12,7,20,230,A,90,"Dual carriageway - 2 lanes",70,"Not at or within 20 metres of junction",unset,"\",,"Daylight: street lights present","Fine (without high winds)",Dry,None,None,"No overtaking",317100,676230,555399,Segment,M.V.N.P.,357180,unset,EH309TH,"No crossing facility within 50m or physical crossing facility not controlled by authorised person","No physical crossing facility within 50m","At scene","55.97188,-3.32983"
422112,,Slight,2,1,01/08/2012,Wednesday,1,August,12,8,15,230,Unclassified,,"Single carriageway - 2 lanes",30,"'T' or staggered junction","Give way sign or markings",B,701,"Daylight: street lights present","Fine (without high winds)",Dry,None,None,"No overtaking",321820,669090,532933,Junction,Cyclist,357181,unset,EH130LB,"No crossing facility within 50m or physical crossing facility not controlled by authorised person","Pelican, puffin, toucan or similar non-junction pedestrian light crossing","At scene","55.90854,-3.25216"
422212,,Slight,3,2,29/07/2012,Sunday,29,July,12,20,30,230,A,720,"Dual carriageway - 2 lanes",70,"Slip road","Give way sign or markings",A,720,"Daylight: no street lighting","Fine (without high winds)",Dry,None,None,"No overtaking",327120,666940,2588022,Junction,M.V.N.P.,365865,unset,EH209NR,"No crossing facility within 50m or physical crossing facility not controlled by authorised person","No physical crossing facility within 50m","At scene","55.89006,-3.16682"
423012,,Slight,2,1,27/07/2012,Friday,27,July,12,15,50,230,C,,"Single carriageway - 2 lanes",30,Crossroads,"Give way sign or markings",Unclassified,,"Daylight: street lights present","Fine (without high winds)",Dry,None,None,"No overtaking",324620,672680,533338,Junction,Cyclist,365866,unset,EH39NX,"No crossing facility within 50m or physical crossing facility not controlled by authorised person","No physical crossing facility within 50m","At scene","55.94124,-3.20838"
423912,,Slight,2,1,02/08/2012,Thursday,2,August,12,14,0,230,A,901,"Single carriageway - 2 lanes",30,Crossroads,"Automatic Traffic Signal",B,900,"Daylight: street lights present","Fine (without high winds)",Dry,None,None,"No overtaking",326730,676160,531355,Junction,T.V.N.P.,357182,unset,EH65JB,"No crossing facility within 50m or physical crossing facility not controlled by authorised person","Pedestrian phase at traffic signal junction","At scene","55.97282,-3.17556"
425612,,Slight,1,1,03/08/2012,Friday,3,August,12,13,22,230,Motorway,8,"Dual carriageway - 2 lanes",70,"Not at or within 20 metres of junction",unset,"\",,"Daylight: street lights present","Fine (without high winds)",Dry,None,None,"No overtaking",317100,670340,6452114,Segment,S.V.N.P.,357183,unset,EH129BZ,"No crossing facility within 50m or physical crossing facility not controlled by authorised person","No physical crossing facility within 50m","At scene","55.91898,-3.32802"
425712,,Slight,2,1,02/08/2012,Thursday,2,August,12,8,50,230,C,,"Single carriageway - 2 lanes",30,"Not at or within 20 metres of junction",unset,"\",,"Daylight: street lights present","Fine (without high winds)",Dry,None,None,"No overtaking",324800,674060,566759,Segment,Cyclist,357184,unset,EH24NG,"No crossing facility within 50m or physical crossing facility not controlled by authorised person","No physical crossing facility within 50m",Elsewhere,"55.95367,-3.20588"
426112,,Slight,1,1,01/08/2012,Wednesday,1,August,12,10,5,230,Unclassified,,"Single carriageway - 2 lanes",30,"Other junction","Give way sign or markings",C,,"Daylight: street lighting unknown","Fine (without high winds)",Dry,None,None,"No overtaking",325140,674680,520161,Junction,S.V.N.P.,357185,unset,EH36RH,"No crossing facility within 50m or physical crossing facility not controlled by authorised person","No physical crossing facility within 50m",Elsewhere,"55.95929,-3.20061"
428512,,Slight,1,1,04/08/2012,Saturday,4,August,12,20,10,230,A,702,"Single carriageway - 2 lanes",30,"Other junction","Automatic Traffic Signal",C,,"Daylight: street lights present","Fine (without high winds)",Dry,None,None,"No overtaking",324810,673170,521406,Junction,Pedestrian,357186,unset,EH39BG,"No crossing facility within 50m or physical crossing facility not controlled by authorised person","No physical crossing facility within 50m",Elsewhere,"55.94567,-3.20547"