acc_ref,beat_no,severity,no_vehicle,no_casualt,a_date,a_day,a_date_day,a_date_mon,a_date_yr,a_time_hr,a_time_min,loc_auth,road1_class,road1_no,road_type,speed_limi,junc_det,junc_ctrl,road2_class,road2_no,light_cond,weather,road_surf,spec_cond,cway_hzrds,ovrtk_patrn,easting,northing,net_id,net_type,acc_type,text_id,division,Postcode,ped_xing_hc,ped_xing_p,place_reported,Location
429212,,Serious,2,1,05/08/2012,Sunday,5,August,12,16,7,230,A,8,"Dual carriageway - 2 lanes",30,"Not at or within 20 metres of junction",unset,"\",,"Daylight: street lights present","Fine (without high winds)",Dry,None,None,"No overtaking",325300,673850,551202,Segment,Cyclist,357187,unset,EH22ER,"No crossing facility within 50m or physical crossing facility not controlled by authorised person","No physical crossing facility within 50m",Elsewhere,"55.95186,-3.19782"
430712,,Slight,2,1,06/08/2012,Monday,6,August,12,7,20,230,Unclassified,,"Single carriageway - 2 lanes",30,Crossroads,"Give way sign or markings",Unclassified,,"Daylight: street lights present","Fine (without high winds)",Dry,None,None,"No overtaking",324220,673710,10258599,Junction,Cyclist,357188,unset,EH37HR,"No crossing facility within 50m or physical crossing facility not controlled by authorised person","No physical crossing facility within 50m","At scene","55.95043,-3.21507"
431012,,Slight,1,1,06/08/2012,Monday,6,August,12,14,12,230,B,700,"One way Street",30,"Not at or within 20 metres of junction",unset,"\",,"Daylight: street lights present","Fine (without high winds)",Dry,None,None,"No overtaking",324310,673230,566195,Segment,Pedestrian,357189,unset,EH38DZ,"No crossing facility within 50m or physical crossing facility not controlled by authorised person","No physical crossing facility within 50m",Elsewhere,"55.94613,-3.21349"
431112,,Slight,1,1,06/08/2012,Monday,6,August,12,6,39,230,B,701,"Single carriageway - 2 lanes",30,Crossroads,"Automatic Traffic Signal",B,701,"Daylight: street lights present","Fine (without high winds)",Dry,None,None,"No overtaking",324800,668240,522519,Junction,S.V.N.P.,357190,unset,EH107AR,"No crossing facility within 50m or physical crossing facility not controlled by authorised person","Pedestrian phase at traffic signal junction","At scene","55.90138,-3.20426"
431212,,Serious,1,1,06/08/2012,Monday,6,August,12,14,59,230,C,,"Dual carriageway - 2 lanes",30,Roundabout,"Give way sign or markings",C,,"Daylight: street lights present","Fine (without high winds)",Dry,None,None,"No overtaking",325170,673990,521073,Junction,Pedestrian,357191,unset,EH22JG,"No crossing facility within 50m or physical crossing facility not controlled by authorised person","No physical crossing facility within 50m",Elsewhere,"55.95309,-3.19994"
432712,,Serious,2,1,06/08/2012,Monday,6,August,12,12,30,230,Unclassified,,"Single carriageway - 2 lanes",30,"Not at or within 20 metres of junction",unset,"\",,"Daylight: street lights present","Fine (without high winds)",Dry,None,None,"No overtaking",328140,674170,2106118,Segment,Cyclist,357192,unset,EH87AG,"No crossing facility within 50m or physical crossing facility not controlled by authorised person","Pelican, puffin, toucan or similar non-junction pedestrian light crossing","At scene","55.95517,-3.15244"
433312,,Slight,2,1,07/08/2012,Tuesday,7,August,12,16,20,230,A,90,"Single carriageway - 2 lanes",30,"Slip road","Give way sign or markings",Unclassified,,"Daylight: no street lighting","Fine (without high winds)",Dry,None,None,"No overtaking",323030,674200,520449,Junction,Cyclist,357193,unset,EH42EZ,"Control by other authorised person","Pedestrian phase at traffic signal junction","At scene","55.95464,-3.23426"
433712,,Slight,2,1,07/08/2012,Tuesday,7,August,12,9,0,230,Unclassified,,"Single carriageway - 2 lanes",30,"'T' or staggered junction","Give way sign or markings",Unclassified,,"Daylight: street lights present","Fine (without high winds)",Dry,None,None,"No overtaking",324920,672320,12227492,Junction,Cyclist,357194,unset,EH91DU,"No crossing facility within 50m or physical crossing facility not controlled by authorised person","No physical crossing facility within 50m",Elsewhere,"55.93805,-3.20348"
433912,,Serious,1,1,04/08/2012,Saturday,4,August,12,16,45,230,C,,"Single carriageway - 2 lanes",30,"Not at or within 20 metres of junction",unset,"\",,"Daylight: no street lighting","Fine (without high winds)",Dry,None,None,"No overtaking",325600,673410,2106562,Segment,Pedestrian,357195,unset,EH11JR,"No crossing facility within 50m or physical crossing facility not controlled by authorised person","No physical crossing facility within 50m","At scene","55.94795,-3.19289"
434912,,Slight,2,1,08/08/2012,Wednesday,8,August,12,8,40,230,A,71,"Dual carriageway - 2 lanes",30,Roundabout,"Automatic Traffic Signal",Unclassified,,"Daylight: no street lighting","Fine (without high winds)",Dry,None,None,"No overtaking",319350,670660,529639,Junction,T.V.N.P.,357196,unset,EH114HD,"No crossing facility within 50m or physical crossing facility not controlled by authorised person","No physical crossing facility within 50m",Elsewhere,"55.92224,-3.29212"
436012,,Slight,1,1,08/08/2012,Wednesday,8,August,12,15,0,230,Unclassified,,"Single carriageway - 2 lanes",30,"'T' or staggered junction","Automatic Traffic Signal",Unclassified,,"Daylight: no street lighting","Fine (without high winds)",Dry,None,None,"No overtaking",325660,673930,521085,Junction,Pedestrian,357197,unset,EH11BQ,"No crossing facility within 50m or physical crossing facility not controlled by authorised person","Pedestrian phase at traffic signal junction","At scene","55.95263,-3.19207"
436112,,Slight,1,1,08/08/2012,Wednesday,8,August,12,17,50,230,A,900,"Dual carriageway - 2 lanes",30,"'T' or staggered junction","Give way sign or markings",Unclassified,,"Daylight: no street lighting","Fine (without high winds)",Dry,None,None,"No overtaking",326090,674450,520665,Junction,Pedestrian,357198,unset,EH13NQ,"No crossing facility within 50m or physical crossing facility not controlled by authorised person","Pelican, puffin, toucan or similar non-junction pedestrian light crossing","At scene","55.95737,-3.18534"
436912,,Slight,1,1,08/08/2012,Wednesday,8,August,12,15,10,230,Unclassified,,"Single carriageway - 2 lanes",30,"'T' or staggered junction","Give way sign or markings",Unclassified,,"Daylight: street lights present","Fine (without high winds)",Dry,None,None,"No overtaking",323640,669130,532969,Junction,Pedestrian,357199,unset,EH139HQ,"No crossing facility within 50m or physical crossing facility not controlled by authorised person","No physical crossing facility within 50m","At scene","55.90919,-3.22306"
437512,,Slight,2,1,09/08/2012,Thursday,9,August,12,16,30,230,Unclassified,,"Single carriageway - 2 lanes",60,"Not at or within 20 metres of junction",unset,"\",,"Daylight: street lights present","Fine (without high winds)",Dry,None,None,"No overtaking",315230,672540,6423659,Segment,T.V.N.P.,357200,unset,EH288NQ,"No crossing facility within 50m or physical crossing facility not controlled by authorised person","No physical crossing facility within 50m","At scene","55.93842,-3.35862"
439612,,Slight,2,1,10/08/2012,Friday,10,August,12,17,7,230,C,,"Single carriageway - 2 lanes",30,"'T' or staggered junction","Give way sign or markings",Unclassified,,"Daylight: street lights present","Fine (without high winds)",Dry,None,None,"No overtaking",326410,673580,521145,Junction,T.V.N.P.,357201,unset,EH88BB,"No crossing facility within 50m or physical crossing facility not controlled by authorised person","No physical crossing facility within 50m","At scene","55.9496,-3.17998"
439812,,Slight,1,1,10/08/2012,Friday,10,August,12,15,45,230,C,,"Single carriageway - 2 lanes",20,"Not at or within 20 metres of junction",unset,"\",,"Daylight: street lights present","Fine (without high winds)",Dry,None,None,"No overtaking",326240,673550,2106511,Segment,Pedestrian,357202,unset,EH88AE,"No crossing facility within 50m or physical crossing facility not controlled by authorised person","No physical crossing facility within 50m","At scene","55.94931,-3.18269"
440612,,Slight,2,1,08/03/2012,Thursday,8,March,12,7,23,230,A,702,"Single carriageway - 2 lanes",30,"Not at or within 20 metres of junction",unset,"\",,"Daylight: street lights present","Fine (without high winds)",Dry,None,None,"No overtaking",324730,673570,548952,Segment,T.V.N.P.,338141,unset,EH12DA,"No crossing facility within 50m or physical crossing facility not controlled by authorised person","No physical crossing facility within 50m",Elsewhere,"55.94925,-3.20687"
441112,,Slight,3,3,11/08/2012,Saturday,11,August,12,9,0,230,A,8,Roundabout,40,Roundabout,"Automatic Traffic Signal",Unclassified,,"Daylight: street lights present","Fine (without high winds)",Dry,None,None,"No overtaking",317400,672620,9658446,Junction,M.V.N.P.,357203,unset,EH129BQ,"No crossing facility within 50m or physical crossing facility not controlled by authorised person","No physical crossing facility within 50m","At scene","55.93951,-3.32392"
441712,,Serious,1,1,11/08/2012,Saturday,11,August,12,0,45,230,C,,"Single carriageway - 2 lanes",30,"Not at or within 20 metres of junction",unset,"\",,"Darkness: street lights present and lit","Fine (without high winds)",Dry,None,None,"No overtaking",324970,672990,533359,Junction,Bus,357204,unset,EH39JG,"No crossing facility within 50m or physical crossing facility not controlled by authorised person","No physical crossing facility within 50m",Elsewhere,"55.94408,-3.20286"
442312,,Slight,2,1,07/08/2012,Tuesday,7,August,12,19,20,230,Unclassified,,"Single carriageway - 2 lanes",30,Crossroads,"Automatic Traffic Signal",Unclassified,,"Daylight: street lights present","Fine (without high winds)",Dry,None,None,"No overtaking",312570,674570,517318,Junction,T.V.N.P.,357205,unset,EH299AD,"No crossing facility within 50m or physical crossing facility not controlled by authorised person","Pelican, puffin, toucan or similar non-junction pedestrian light crossing","At scene","55.95617,-3.40185"
442812,,Serious,1,1,12/08/2012,Sunday,12,August,12,7,15,230,Unclassified,,"Dual carriageway - 2 lanes",30,"'T' or staggered junction","Automatic Traffic Signal",Unclassified,,"Daylight: no street lighting","Fine (without high winds)",Dry,None,None,"No overtaking",326780,672340,522075,Junction,Pedestrian,357206,unset,EH165AD,"Control by other authorised person","Pelican, puffin, toucan or similar non-junction pedestrian light crossing","At scene","55.93852,-3.17372"
443212,,Slight,2,1,11/08/2012,Saturday,11,August,12,10,0,230,C,,"Dual carriageway - 2 lanes",30,Roundabout,"Give way sign or markings",C,,"Daylight: street lights present","Fine (without high winds)",Dry,None,None,"No overtaking",325340,674030,520509,Junction,T.V.N.P.,357207,unset,EH22LE,"Control by other authorised person","Central refuge - no other controls","At scene","55.95348,-3.19723"
443312,,Slight,1,1,12/08/2012,Sunday,12,August,12,10,0,230,B,901,"Single carriageway - 2 lanes",30,"Multiple junction","Automatic Traffic Signal",C,,"Daylight: no street lighting","Fine (without high winds)",Dry,None,None,"No overtaking",325930,674380,520599,Junction,Pedestrian,357208,unset,EH13JG,"Control by other authorised person","Pedestrian phase at traffic signal junction","At scene","55.95672,-3.18788"
443612,,Slight,2,1,12/08/2012,Sunday,12,August,12,14,58,230,Unclassified,,"Single carriageway - 2 lanes",30,"'T' or staggered junction","Give way sign or markings",Unclassified,,"Daylight: no street lighting","Fine (without high winds)",Dry,None,None,"No overtaking",319580,674090,0,Unset,Cyclist,357209,unset,EH47JQ,"Control by other authorised person","Pedestrian phase at traffic signal junction","At scene","55.95309,-3.28946"
443912,,Slight,1,3,12/08/2012,Sunday,12,August,12,16,10,230,A,720,"Dual carriageway - 2 lanes",70,"Not at or within 20 metres of junction",unset,"\",,"Daylight: street lights present","Fine (without high winds)",Dry,None,None,"No overtaking",325490,667310,2588141,Segment,S.V.N.P.,357210,unset,EH107DR,"No crossing facility within 50m or physical crossing facility not controlled by authorised person","No physical crossing facility within 50m","At scene","55.89313,-3.19297"
444812,,Slight,2,1,12/08/2012,Sunday,12,August,12,17,20,230,B,701,"Single carriageway - 2 lanes",30,"Not at or within 20 metres of junction",unset,"\",,"Daylight: street lights present","Fine (without high winds)",Dry,None,None,"No overtaking",329150,668600,2105870,Segment,T.V.N.P.,357211,unset,EH178RF,"No crossing facility within 50m or physical crossing facility not controlled by authorised person","Pedestrian phase at traffic signal junction","At scene","55.90527,-3.1348"
445612,,Serious,2,1,13/08/2012,Monday,13,August,12,5,57,230,Unclassified,,Roundabout,30,Roundabout,"Give way sign or markings",Unclassified,,"Daylight: street lights present","Fine (without high winds)",Dry,None,None,"No overtaking",319770,671450,533545,Junction,Cyclist,357212,unset,EH113UP,"No crossing facility within 50m or physical crossing facility not controlled by authorised person","Pelican, puffin, toucan or similar non-junction pedestrian light crossing","At scene","55.92941,-3.28564"
445812,,Slight,2,1,11/08/2012,Saturday,11,August,12,14,30,230,Unclassified,,"Single carriageway - 2 lanes",30,"Other junction","Give way sign or markings",Unclassified,,"Daylight: street lights present","Fine (without high winds)",Dry,None,None,"No overtaking",326000,671590,0,Unset,Cyclist,357213,unset,EH92EF,"No crossing facility within 50m or physical crossing facility not controlled by authorised person","No physical crossing facility within 50m",Elsewhere,"55.93166,-3.18599"
446212,,Slight,1,1,13/08/2012,Monday,13,August,12,17,30,230,B,6415,"Single carriageway - 2 lanes",30,"Not at or within 20 metres of junction",unset,"\",,"Daylight: no street lighting","Fine (without high winds)",Dry,None,None,"No overtaking",330070,674340,563415,Segment,Pedestrian,357214,unset,EH151UF,"No crossing facility within 50m or physical crossing facility not controlled by authorised person","Pelican, puffin, toucan or similar non-junction pedestrian light crossing","At scene","55.95698,-3.12157"
446512,,Slight,2,1,14/08/2012,Tuesday,14,August,12,7,50,230,A,71,"Single carriageway - 2 lanes",40,Roundabout,"Give way sign or markings",Unclassified,,"Daylight: no street lighting","Fine (without high winds)",Dry,None,None,"No overtaking",317980,670200,2307101,Junction,T.V.N.P.,357215,unset,EH144AW,"No crossing facility within 50m or physical crossing facility not controlled by authorised person","No physical crossing facility within 50m","At scene","55.91787,-3.3139"
446712,,Slight,2,1,13/08/2012,Monday,13,August,12,16,56,230,C,,"Single carriageway - 2 lanes",30,Crossroads,"Give way sign or markings",Unclassified,,"Daylight: street lights present","Fine (without high winds)",Dry,None,None,"No overtaking",327030,675220,519900,Junction,T.V.N.P.,357216,unset,EH68RT,"No crossing facility within 50m or physical crossing facility not controlled by authorised person","No physical crossing facility within 50m","At scene","55.96443,-3.1705"
447512,,Slight,2,1,13/08/2012,Monday,13,August,12,7,35,230,A,1,"Single carriageway - 2 lanes",40,"Multiple junction","Automatic Traffic Signal",Unclassified,,"Daylight: street lights present","Fine (without high winds)",Dry,None,None,"No overtaking",327990,674200,520758,Junction,Cyclist,357217,unset,EH87AW,"No crossing facility within 50m or physical crossing facility not controlled by authorised person","Pedestrian phase at traffic signal junction","At scene","55.95541,-3.15485"
449312,,Slight,2,1,14/08/2012,Tuesday,14,August,12,17,15,230,C,,"One way Street",30,"Other junction","Automatic Traffic Signal",Unclassified,,"Daylight: street lights present","Fine (without high winds)",Dry,None,None,"No overtaking",325730,673250,521532,Junction,Cyclist,357218,unset,EH11EY,"No crossing facility within 50m or physical crossing facility not controlled by authorised person","Pedestrian phase at traffic signal junction",Elsewhere,"55.94653,-3.19077"
449512,,Slight,2,1,14/08/2012,Tuesday,14,August,12,18,30,230,Unclassified,,"Single carriageway - 2 lanes",30,"Other junction","Give way sign or markings",Unclassified,,"Daylight: street lights present","Fine (without high winds)",Dry,None,None,"No overtaking",326070,672950,532708,Junction,Cyclist,357219,unset,EH89JR,"No crossing facility within 50m or physical crossing facility not controlled by authorised person","No physical crossing facility within 50m","At scene","55.94389,-3.18525"
450212,,Slight,1,1,15/08/2012,Wednesday,15,August,12,18,45,230,B,1350,"Single carriageway - 2 lanes",30,"Not at or within 20 metres of junction",unset,"\",,"Daylight: street lights present","Raining (without high winds)",Dry,None,None,"No overtaking",326230,674510,557671,Segment,Bus,357220,unset,EH75JW,"No crossing facility within 50m or physical crossing facility not controlled by authorised person","Pedestrian phase at traffic signal junction","At scene","55.95793,-3.18312"
450312,,Slight,1,1,15/08/2012,Wednesday,15,August,12,17,0,230,A,90,"Single carriageway - 2 lanes",30,"Not at or within 20 metres of junction",unset,"\",,"Daylight: street lights present","Fine (without high winds)",Dry,None,None,"No overtaking",320790,675110,555462,Segment,Bus,357221,unset,EH45BW,"No crossing facility within 50m or physical crossing facility not controlled by authorised person","No physical crossing facility within 50m","At scene","55.96244,-3.2704"
450512,,Slight,2,1,15/08/2012,Wednesday,15,August,12,20,20,230,Unclassified,,"Single carriageway - 2 lanes",30,"'T' or staggered junction","Give way sign or markings",Unclassified,,"Darkness: street lights present and lit","Raining (without high winds)",Dry,None,None,"No overtaking",328280,674660,523284,Junction,T.V.N.P.,357222,unset,EH76JB,"No crossing facility within 50m or physical crossing facility not controlled by authorised person","No physical crossing facility within 50m","At scene","55.95959,-3.15033"
451512,,Slight,2,1,16/08/2012,Thursday,16,August,12,4,45,230,Motorway,8,"Single carriageway - 3 lanes",70,"Not at or within 20 metres of junction",unset,"\",,"Darkness: no street lighting","Fine (without high winds)",Dry,None,None,"No overtaking",318170,670760,6452637,Segment,T.V.N.P.,357223,unset,EH129BU,"No crossing facility within 50m or physical crossing facility not controlled by authorised person","No physical crossing facility within 50m","At scene","55.92294,-3.31103"
452612,,Slight,1,1,05/07/2012,Thursday,5,July,12,16,30,230,Unclassified,,"Single carriageway - 2 lanes",30,"Other junction","Give way sign or markings",Unclassified,,"Daylight: no street lighting","Fine (without high winds)",Dry,None,None,"No overtaking",328370,675380,0,Unset,Pedestrian,365867,unset,EH76HQ,"No crossing facility within 50m or physical crossing facility not controlled by authorised person","No physical crossing facility within 50m",Elsewhere,"55.96607,-3.14908"
453712,,Slight,1,1,16/08/2012,Thursday,16,August,12,18,30,230,A,71,"Single carriageway - 2 lanes",30,"'T' or staggered junction","Give way sign or markings",Unclassified,,"Daylight: street lights present","Fine (without high winds)",Dry,None,None,"No overtaking",323120,672330,522003,Junction,Pedestrian,357224,unset,EH111TZ,"No crossing facility within 50m or physical crossing facility not controlled by authorised person","Pedestrian phase at traffic signal junction","At scene","55.93786,-3.23229"
454112,,Slight,2,1,17/08/2012,Friday,17,August,12,15,30,230,A,702,"Single carriageway - 2 lanes",30,"Not at or within 20 metres of junction",unset,"\",,"Daylight: no street lighting","Fine (without high winds)",Dry,None,None,"No overtaking",324880,672560,549171,Segment,Cyclist,357225,unset,EH104HW,"No crossing facility within 50m or physical crossing facility not controlled by authorised person","No physical crossing facility within 50m","At scene","55.9402,-3.20418"
454212,,Slight,2,2,17/08/2012,Friday,17,August,12,11,0,230,A,71,"Dual carriageway - 2 lanes",40,Roundabout,"Automatic Traffic Signal",A,71,"Daylight: no street lighting","Fine (without high winds)",Dry,None,None,"No overtaking",318660,670410,2307027,Junction,T.V.N.P.,357226,unset,EH144AW,"No crossing facility within 50m or physical crossing facility not controlled by authorised person","No physical crossing facility within 50m","At scene","55.91988,-3.30309"
455112,,Slight,1,1,18/08/2012,Saturday,18,August,12,4,0,230,A,702,"Single carriageway - 2 lanes",30,Crossroads,"Automatic Traffic Signal",C,,"Darkness: street lights present and lit","Fine (without high winds)",Dry,None,None,"No overtaking",324810,673200,521406,Junction,Pedestrian,357227,unset,EH39AN,"No crossing facility within 50m or physical crossing facility not controlled by authorised person","Pedestrian phase at traffic signal junction","At scene","55.94594,-3.20548"
455612,,Slight,2,2,17/08/2012,Friday,17,August,12,21,20,230,C,,"One way Street",30,"Not at or within 20 metres of junction",unset,"\",,"Darkness: street lights present and lit","Fine (without high winds)",Dry,None,None,"No overtaking",325710,673170,567192,Segment,T.V.N.P.,357228,unset,EH12QN,"No crossing facility within 50m or physical crossing facility not controlled by authorised person","No physical crossing facility within 50m","At scene","55.94581,-3.19106"
455712,,Slight,2,2,08/08/2012,Wednesday,8,August,12,18,36,230,C,,"Single carriageway - 2 lanes",30,"'T' or staggered junction","Give way sign or markings",Unclassified,,"Darkness: street lights present but unlit","Fine (without high winds)",Dry,None,None,"No overtaking",326280,675570,519445,Junction,T.V.N.P.,357229,unset,EH65BB,"No crossing facility within 50m or physical crossing facility not controlled by authorised person","Pelican, puffin, toucan or similar non-junction pedestrian light crossing","At scene","55.96746,-3.1826"
455812,,Slight,1,1,18/08/2012,Saturday,18,August,12,16,20,230,Unclassified,,"Single carriageway - 2 lanes",30,"Not at or within 20 metres of junction",unset,"\",,"Daylight: street lights present","Fine (without high winds)",Dry,None,None,"No overtaking",325990,673080,560079,Segment,Pedestrian,357230,unset,EH89AL,"No crossing facility within 50m or physical crossing facility not controlled by authorised person","Pelican, puffin, toucan or similar non-junction pedestrian light crossing","At scene","55.94505,-3.18657"
456712,,Serious,2,1,19/08/2012,Sunday,19,August,12,12,45,230,A,71,"Single carriageway - 2 lanes",30,"'T' or staggered junction","Give way sign or markings",Unclassified,,"Daylight: no street lighting","Fine (without high winds)",Dry,None,None,"No overtaking",323040,672300,522009,Junction,Cyclist,357231,unset,EH111TT,"No crossing facility within 50m or physical crossing facility not controlled by authorised person","Pedestrian phase at traffic signal junction","At scene","55.93758,-3.23356"
456812,,Slight,3,1,19/08/2012,Sunday,19,August,12,17,40,230,C,,"Single carriageway - 2 lanes",30,"'T' or staggered junction","Automatic Traffic Signal",C,,"Daylight: street lights present","Raining (without high winds)",Dry,None,None,"No overtaking",325010,674400,520536,Junction,M.V.N.P.,357232,unset,EH36TH,"Control by other authorised person","Pedestrian phase at traffic signal junction",Elsewhere,"55.95675,-3.20261"
456912,,Slight,2,1,17/08/2012,Friday,17,August,12,14,0,230,A,702,"Single carriageway - 2 lanes",30,Crossroads,"Automatic Traffic Signal",B,700,"Daylight: no street lighting","Fine (without high winds)",Dry,None,None,"No overtaking",324800,673210,521406,Junction,Cyclist,357233,unset,EH39BE,"Control by other authorised person","Pedestrian phase at traffic signal junction",Elsewhere,"55.94603,-3.20564"
457212,,Serious,2,1,20/08/2012,Monday,20,August,12,15,20,230,Unclassified,,"Single carriageway - 2 lanes",30,Crossroads,"Give way sign or markings",Unclassified,,"Daylight: no street lighting","Fine (without high winds)",Dry,None,None,"No overtaking",325610,671520,523860,Junction,Cyclist,357234,unset,EH92HZ,"Control by other authorised person","Pedestrian phase at traffic signal junction","At scene","55.93097,-3.19221"
457512,,Slight,2,1,21/08/2012,Tuesday,21,August,12,13,0,230,A,71,"Single carriageway - 2 lanes",30,"Not at or within 20 metres of junction",unset,"\",,"Daylight: street lights present","Fine (without high winds)",Dry,None,None,"No overtaking",322180,671780,549749,Segment,T.V.N.P.,357235,unset,EH113AA,"No crossing facility within 50m or physical crossing facility not controlled by authorised person","No physical crossing facility within 50m",Elsewhere,"55.93277,-3.24718"
457612,,Slight,2,3,21/08/2012,Tuesday,21,August,12,12,20,230,Motorway,8,"One way Street",50,"Not at or within 20 metres of junction",unset,"\",,"Daylight: street lights present","Raining (without high winds)",Dry,None,None,"No overtaking",318170,670850,6452972,Segment,T.V.N.P.,357236,unset,EH129BU,"No crossing facility within 50m or physical crossing facility not controlled by authorised person","No physical crossing facility within 50m","At scene","55.92375,-3.31106"
458012,,Slight,2,1,21/08/2012,Tuesday,21,August,12,16,22,230,A,720,"Dual carriageway - 2 lanes",70,"Not at or within 20 metres of junction",unset,"\",,"Daylight: street lighting unknown","Raining (without high winds)",Dry,None,None,"No overtaking",320310,668910,570540,Segment,T.V.N.P.,357237,unset,EH145BH,"No crossing facility within 50m or physical crossing facility not controlled by authorised person","No physical crossing facility within 50m",Elsewhere,"55.90668,-3.27625"
458312,,Serious,2,1,21/08/2012,Tuesday,21,August,12,20,11,230,A,901,"Single carriageway - 2 lanes",30,Crossroads,"Automatic Traffic Signal",A,900,"Darkness: street lights present and lit","Fine (without high winds)",Dry,None,None,"No overtaking",326960,675900,522483,Junction,Bus,357238,unset,EH68LN,"No crossing facility within 50m or physical crossing facility not controlled by authorised person","Pedestrian phase at traffic signal junction","At scene","55.97053,-3.1718"
458412,,Slight,1,1,21/08/2012,Tuesday,21,August,12,17,34,230,A,70,"Single carriageway - 2 lanes",30,"Not at or within 20 metres of junction",unset,"\",,"Daylight: street lights present","Fine (without high winds)",Dry,None,None,"No overtaking",323300,672120,561694,Segment,Pedestrian,357239,unset,EH111PA,"No crossing facility within 50m or physical crossing facility not controlled by authorised person","No physical crossing facility within 50m","At scene","55.936,-3.22935"
458712,,Slight,2,1,21/08/2012,Tuesday,21,August,12,23,45,230,A,71,Roundabout,30,Roundabout,"Give way sign or markings",B,701,"Darkness: street lights present and lit","Fine (without high winds)",Dry,None,None,"No overtaking",319400,670630,529633,Junction,Cyclist,357240,unset,EH114JY,"No crossing facility within 50m or physical crossing facility not controlled by authorised person","No physical crossing facility within 50m",Elsewhere,"55.92198,-3.29131"
458812,,Slight,2,1,21/08/2012,Tuesday,21,August,12,21,0,230,A,70,"Single carriageway - 2 lanes",30,"'T' or staggered junction","Give way sign or markings",Unclassified,,"Darkness: street lights present and lit","Fine (without high winds)",Dry,None,None,"No overtaking",323860,672900,521802,Junction,T.V.N.P.,357241,unset,EH112EA,"No crossing facility within 50m or physical crossing facility not controlled by authorised person","No physical crossing facility within 50m",Elsewhere,"55.9431,-3.22061"
458912,,Slight,2,1,20/08/2012,Monday,20,August,12,19,0,230,A,702,"Single carriageway - 2 lanes",30,"Not at or within 20 metres of junction",unset,"\",,"Daylight: street lights present","Fine (without high winds)",Dry,None,None,"No overtaking",324940,667400,548922,Segment,Cyclist,357242,unset,EH107DUA,"No crossing facility within 50m or physical crossing facility not controlled by authorised person","No physical crossing facility within 50m",Elsewhere,"55.89385,-3.20179"
459012,,Slight,2,1,22/08/2012,Wednesday,22,August,12,21,30,230,A,900,"Single carriageway - 2 lanes",30,Crossroads,"Automatic Traffic Signal",Unclassified,,"Darkness: street lights present and lit","Fine (without high winds)",Dry,None,None,"No overtaking",327210,676240,519253,Junction,Cyclist,357243,unset,EH67AF,"No crossing facility within 50m or physical crossing facility not controlled by authorised person","Pedestrian phase at traffic signal junction","At scene","55.97361,-3.16789"
459112,,Slight,3,3,22/08/2012,Wednesday,22,August,12,18,0,230,Unclassified,,"Single carriageway - 2 lanes",40,"'T' or staggered junction","Give way sign or markings",Unclassified,,"Daylight: street lights present","Fine (without high winds)",Dry,None,None,"No overtaking",330020,673880,529627,Junction,M.V.N.P.,357244,unset,EH151DJ,"No crossing facility within 50m or physical crossing facility not controlled by authorised person","No physical crossing facility within 50m","At scene","55.95284,-3.12226"
459612,,Serious,1,5,08/08/2012,Wednesday,8,August,12,23,55,230,Unclassified,,"Single carriageway - 2 lanes",30,"Not at or within 20 metres of junction",unset,"\",,"Darkness: street lights present and lit","Fine (without high winds)",Dry,None,None,"No overtaking",324720,672340,0,Unset,Bus,357245,unset,EH104JU,"No crossing facility within 50m or physical crossing facility not controlled by authorised person","No physical crossing facility within 50m","At scene","55.9382,-3.20668"
459912,,Slight,2,2,23/08/2012,Thursday,23,August,12,20,55,230,B,701,"Single carriageway - 2 lanes",30,"Other junction","Automatic Traffic Signal",A,772,"Darkness: street lights present and lit","Fine (without high winds)",Dry,None,None,"No overtaking",329240,668680,530257,Junction,Bus,357246,unset,EH178RQ,"No crossing facility within 50m or physical crossing facility not controlled by authorised person","No physical crossing facility within 50m","At scene","55.90601,-3.13338"
460012,,Slight,2,1,21/08/2012,Tuesday,21,August,12,22,45,230,B,901,"Single carriageway - 2 lanes",30,Crossroads,"Automatic Traffic Signal",B,900,"Darkness: street lights present and lit","Fine (without high winds)",Dry,None,None,"No overtaking",325380,675020,519819,Junction,Cyclist,357247,unset,EH74EN,"No crossing facility within 50m or physical crossing facility not controlled by authorised person","Pedestrian phase at traffic signal junction",Elsewhere,"55.96238,-3.19686"
461312,,Slight,2,1,20/08/2012,Monday,20,August,12,8,45,230,A,701,"Single carriageway - 2 lanes",40,"Other junction","Give way sign or markings",Unclassified,,"Daylight: no street lighting","Fine (without high winds)",Dry,None,None,"No overtaking",327160,670610,522744,Junction,T.V.N.P.,357248,unset,EH165QT,"No crossing facility within 50m or physical crossing facility not controlled by authorised person","No physical crossing facility within 50m","At scene","55.92303,-3.16717"
461712,,Slight,1,1,23/08/2012,Thursday,23,August,12,8,20,230,C,,"Single carriageway - 2 lanes",30,"Not at or within 20 metres of junction",unset,"\",,"Daylight: street lights present","Fine (without high winds)",Dry,None,None,"No overtaking",326610,669520,553528,Segment,Cyclist,357249,unset,EH166TQ,"No crossing facility within 50m or physical crossing facility not controlled by authorised person","No physical crossing facility within 50m","At scene","55.91316,-3.17567"