acc_ref,beat_no,severity,no_vehicle,no_casualt,a_date,a_day,a_date_day,a_date_mon,a_date_yr,a_time_hr,a_time_min,loc_auth,road1_class,road1_no,road_type,speed_limi,junc_det,junc_ctrl,road2_class,road2_no,light_cond,weather,road_surf,spec_cond,cway_hzrds,ovrtk_patrn,easting,northing,net_id,net_type,acc_type,text_id,division,Postcode,ped_xing_hc,ped_xing_p,place_reported,Location
462112,,Slight,1,1,24/08/2012,Friday,24,August,12,11,25,230,C,,"Single carriageway - 2 lanes",30,"'T' or staggered junction","Give way sign or markings",Unclassified,,"Daylight: no street lighting","Fine (without high winds)",Dry,None,None,"No overtaking",327220,674410,520728,Junction,Bus,357250,unset,EH75SN,"No crossing facility within 50m or physical crossing facility not controlled by authorised person","Pedestrian phase at traffic signal junction","At scene","55.95718,-3.16723"
462212,,Slight,2,1,23/08/2012,Thursday,23,August,12,15,35,230,A,71,Roundabout,30,Roundabout,"Give way sign or markings",A,71,"Daylight: street lights present","Fine (without high winds)",Dry,None,None,"No overtaking",319430,670670,529651,Junction,Cyclist,357251,unset,EH114NT,"No crossing facility within 50m or physical crossing facility not controlled by authorised person","No physical crossing facility within 50m",Elsewhere,"55.92234,-3.29085"
464012,,Slight,1,1,21/08/2012,Tuesday,21,August,12,13,5,230,A,772,"Single carriageway - 2 lanes",30,Crossroads,"Automatic Traffic Signal",B,701,"Daylight: street lights present",Unknown,Dry,None,None,"No overtaking",329220,668710,530257,Junction,Pedestrian,357252,unset,EH178QQ,"No crossing facility within 50m or physical crossing facility not controlled by authorised person","Pedestrian phase at traffic signal junction","At scene","55.90627,-3.13371"
464412,,Serious,2,2,26/08/2012,Sunday,26,August,12,18,43,230,B,924,"Single carriageway - 2 lanes",40,"Not at or within 20 metres of junction",unset,"\",,"Daylight: street lights present","Fine (without high winds)",Dry,None,None,"No overtaking",314880,677940,3948067,Segment,Cyclist,357253,unset,EH309TS,"No crossing facility within 50m or physical crossing facility not controlled by authorised person","No physical crossing facility within 50m","At scene","55.98686,-3.36593"
464612,,Slight,1,2,20/08/2012,Monday,20,August,12,10,50,230,B,901,"Single carriageway - 2 lanes",30,Crossroads,"Automatic Traffic Signal",Unclassified,,"Daylight: no street lighting","Fine (without high winds)",Dry,None,None,"No overtaking",325400,675010,519819,Junction,Pedestrian,357254,unset,EH74EN,"No crossing facility within 50m or physical crossing facility not controlled by authorised person","No physical crossing facility within 50m",Elsewhere,"55.96229,-3.19654"
464712,,Slight,1,1,13/08/2012,Monday,13,August,12,18,50,230,B,701,"Single carriageway - 2 lanes",30,"Other junction","Give way sign or markings",Unclassified,,"Daylight: no street lighting","Fine (without high winds)",Dry,None,None,"No overtaking",328970,668430,530344,Junction,Pedestrian,357255,unset,EH178PP,"No crossing facility within 50m or physical crossing facility not controlled by authorised person","No physical crossing facility within 50m","At scene","55.90372,-3.13764"
464912,,Slight,1,1,27/08/2012,Monday,27,August,12,0,10,230,C,,"Single carriageway - 2 lanes",30,"'T' or staggered junction","Automatic Traffic Signal",Unclassified,,"Darkness: street lights present and lit","Fine (without high winds)",Dry,None,None,"No overtaking",326990,674910,520287,Junction,Pedestrian,357256,unset,EH75QH,"No crossing facility within 50m or physical crossing facility not controlled by authorised person","No physical crossing facility within 50m","At scene","55.96164,-3.17105"
465012,,Slight,1,1,27/08/2012,Monday,27,August,12,5,40,230,C,,"Single carriageway - 2 lanes",30,Crossroads,"Automatic Traffic Signal",A,7,"Daylight: street lights present","Fine (without high winds)",Dry,None,None,"No overtaking",325940,673650,521103,Junction,Pedestrian,357257,unset,EH11LL,"No crossing facility within 50m or physical crossing facility not controlled by authorised person","Pedestrian phase at traffic signal junction","At scene","55.95016,-3.18752"
466012,,Slight,3,1,27/08/2012,Monday,27,August,12,14,40,230,Unclassified,,"Single carriageway - 2 lanes",30,"Not at or within 20 metres of junction",unset,"\",,"Daylight: street lights present","Raining (without high winds)",Dry,None,None,"No overtaking",325310,674330,566492,Segment,M.V.N.P.,357258,unset,EH36QE,"No crossing facility within 50m or physical crossing facility not controlled by authorised person","No physical crossing facility within 50m","At scene","55.95617,-3.19779"
467012,,Slight,2,2,27/08/2012,Monday,27,August,12,17,35,230,Unclassified,,"Single carriageway - 2 lanes",30,"'T' or staggered junction","Give way sign or markings",Unclassified,,"Daylight: no street lighting","Raining (without high winds)",Dry,None,None,"No overtaking",327460,671430,529609,Junction,T.V.N.P.,357259,unset,EH165JY,"No crossing facility within 50m or physical crossing facility not controlled by authorised person","Pedestrian phase at traffic signal junction","At scene","55.93045,-3.16259"
467212,,Slight,3,1,27/08/2012,Monday,27,August,12,8,45,230,A,772,"Single carriageway - 2 lanes",30,"Not at or within 20 metres of junction",unset,"\",,"Daylight: no street lighting","Raining (without high winds)",Dry,None,None,"No overtaking",329210,668730,569384,Segment,M.V.N.P.,357260,unset,EH178QQ,"No crossing facility within 50m or physical crossing facility not controlled by authorised person","Pedestrian phase at traffic signal junction","At scene","55.90645,-3.13388"
469112,,Slight,2,1,27/08/2012,Monday,27,August,12,17,50,230,Unclassified,,"Single carriageway - 2 lanes",30,"Other junction","Give way sign or markings",A,90,"Daylight: no street lighting",Unknown,Dry,None,None,"No overtaking",322390,674430,520401,Junction,Cyclist,357261,unset,EH42BG,"No crossing facility within 50m or physical crossing facility not controlled by authorised person","Pedestrian phase at traffic signal junction",Elsewhere,"55.95661,-3.24458"
469212,,Slight,2,1,27/08/2012,Monday,27,August,12,17,40,230,B,701,"Single carriageway - 2 lanes",30,Crossroads,"Give way sign or markings",Unclassified,,"Daylight: no street lighting","Raining (without high winds)",Dry,None,None,"No overtaking",328560,668490,530332,Junction,T.V.N.P.,357262,unset,EH178LH,"No crossing facility within 50m or physical crossing facility not controlled by authorised person","Pelican, puffin, toucan or similar non-junction pedestrian light crossing","At scene","55.9042,-3.14421"
469412,,Serious,1,2,28/08/2012,Tuesday,28,August,12,10,15,230,A,7,"Single carriageway - 2 lanes",30,"Not at or within 20 metres of junction",unset,"\",,"Daylight: street lights present","Fine (without high winds)",Dry,None,None,"No overtaking",325980,673470,569294,Segment,Bus,357263,unset,EH11HR,"No crossing facility within 50m or physical crossing facility not controlled by authorised person","Pedestrian phase at traffic signal junction","At scene","55.94855,-3.18683"
470712,,Slight,2,1,28/08/2012,Tuesday,28,August,12,15,50,230,Unclassified,,"Single carriageway - 2 lanes",30,Mini-roundabout,"Give way sign or markings",Unclassified,,"Daylight: street lights present","Fine (without high winds)",Dry,None,None,"No overtaking",320550,675440,519747,Junction,Cyclist,357264,unset,EH45BZ,"Control by other authorised person","Zebra crossing","At scene","55.96537,-3.27433"
471012,,Slight,1,1,06/06/2012,Wednesday,6,June,12,13,30,230,Unclassified,,"Dual carriageway - 2 lanes",30,"'T' or staggered junction","Automatic Traffic Signal",Unclassified,,"Daylight: no street lighting","Raining (without high winds)",Dry,None,None,"No overtaking",324330,673040,10331569,Junction,Pedestrian,355019,unset,EH38AY,"No crossing facility within 50m or physical crossing facility not controlled by authorised person","No physical crossing facility within 50m","At scene","55.94443,-3.21312"
471112,,Slight,4,1,27/08/2012,Monday,27,August,12,15,39,230,A,1,"Dual carriageway - 2 lanes",40,"Not at or within 20 metres of junction",unset,"\",,"Daylight: no street lighting","Raining (without high winds)",Dry,None,None,"No overtaking",331240,672580,552724,Segment,M.V.N.P.,357265,unset,EH153BE,"No crossing facility within 50m or physical crossing facility not controlled by authorised person","No physical crossing facility within 50m","At scene","55.94133,-3.1024"
471512,,Slight,1,1,27/08/2012,Monday,27,August,12,13,25,230,Unclassified,,"Single carriageway - 2 lanes",30,"'T' or staggered junction","Give way sign or markings",Unclassified,,"Daylight: street lights present","Raining (without high winds)",Dry,None,None,"No overtaking",323980,672460,0,Unset,Pedestrian,357266,unset,EH111BS,"No crossing facility within 50m or physical crossing facility not controlled by authorised person","No physical crossing facility within 50m",Elsewhere,"55.93916,-3.21856"
471712,,Slight,2,1,28/08/2012,Tuesday,28,August,12,15,23,230,Unclassified,,"Single carriageway - 2 lanes",30,"Using private drive or entrance","Stop sign",Unclassified,,"Daylight: street lights present","Fine (without high winds)",Dry,None,None,"No overtaking",331150,672430,556998,Segment,Bus,357267,unset,EH153SA,"No crossing facility within 50m or physical crossing facility not controlled by authorised person","No physical crossing facility within 50m","At scene","55.93997,-3.1038"
471812,,Slight,2,1,26/08/2012,Sunday,26,August,12,2,15,230,Unclassified,,"Single carriageway - 2 lanes",30,Crossroads,"Automatic Traffic Signal",A,700,"Darkness: street lights present and lit","Fine (without high winds)",Dry,None,None,"No overtaking",326220,672550,532729,Junction,T.V.N.P.,357268,unset,EH91ND,"No crossing facility within 50m or physical crossing facility not controlled by authorised person","Pedestrian phase at traffic signal junction","At scene","55.94032,-3.18274"
472112,,Slight,1,1,29/08/2012,Wednesday,29,August,12,13,27,230,A,900,"Single carriageway - 2 lanes",30,Crossroads,"Automatic Traffic Signal",Unclassified,,"Daylight: street lights present","Raining (without high winds)",Dry,None,None,"No overtaking",326380,674880,520266,Junction,Pedestrian,357269,unset,EH75HP,"No crossing facility within 50m or physical crossing facility not controlled by authorised person","Pedestrian phase at traffic signal junction","At scene","55.96128,-3.18081"
472812,,Slight,1,1,29/08/2012,Wednesday,29,August,12,14,0,230,Unclassified,,"Single carriageway - 2 lanes",30,"Not at or within 20 metres of junction",unset,"\",,"Daylight: no street lighting","Raining (without high winds)",Dry,None,None,"No overtaking",320290,669570,565058,Segment,Bus,357270,unset,EH143AE,"No crossing facility within 50m or physical crossing facility not controlled by authorised person","No physical crossing facility within 50m","At scene","55.9126,-3.27676"
473512,,Slight,2,2,29/08/2012,Wednesday,29,August,12,14,45,230,C,,"Single carriageway - 2 lanes",30,Roundabout,"Automatic Traffic Signal",C,,"Daylight: street lights present","Raining (without high winds)",Dry,None,None,"No overtaking",325140,674000,521070,Junction,T.V.N.P.,357271,unset,EH22JG,"No crossing facility within 50m or physical crossing facility not controlled by authorised person","Pedestrian phase at traffic signal junction","At scene","55.95318,-3.20042"
473712,,Slight,1,1,25/08/2012,Saturday,25,August,12,20,5,230,A,70,"Single carriageway - 2 lanes",30,"Not at or within 20 metres of junction",unset,"\",,"Daylight: street lights present","Fine (without high winds)",Dry,None,None,"No overtaking",323980,672990,521814,Junction,Pedestrian,357272,unset,EH112AX,"No crossing facility within 50m or physical crossing facility not controlled by authorised person","No physical crossing facility within 50m","At scene","55.94392,-3.21871"
474812,,Slight,2,1,23/08/2012,Thursday,23,August,12,23,17,230,Unclassified,,"Single carriageway - 2 lanes",30,"Not at or within 20 metres of junction",unset,"\",,"Darkness: street lights present but unlit","Fine (without high winds)",Dry,None,None,"No overtaking",326270,673380,558290,Segment,Cyclist,357273,unset,EH89TJ,"No crossing facility within 50m or physical crossing facility not controlled by authorised person","Central refuge - no other controls","At scene","55.94778,-3.18217"
474912,,Slight,2,1,26/08/2012,Sunday,26,August,12,3,0,230,C,,"Single carriageway - 2 lanes",30,"Not at or within 20 metres of junction",unset,"\",,"Darkness: street lights present and lit",Unknown,Dry,None,None,"No overtaking",325770,673460,2106559,Segment,Cyclist,357274,unset,EH11JW,"No crossing facility within 50m or physical crossing facility not controlled by authorised person","No physical crossing facility within 50m",Elsewhere,"55.94843,-3.19018"
475012,,Slight,2,1,30/08/2012,Thursday,30,August,12,8,50,230,Unclassified,,"Single carriageway - 2 lanes",20,"'T' or staggered junction","Give way sign or markings",Unclassified,,"Daylight: street lights present","Fine (without high winds)",Dry,None,None,"No overtaking",319860,671530,522111,Junction,T.V.N.P.,357275,unset,EH113SH,"No crossing facility within 50m or physical crossing facility not controlled by authorised person","Pelican, puffin, toucan or similar non-junction pedestrian light crossing","At scene","55.93014,-3.28422"
475912,,Slight,2,1,30/08/2012,Thursday,30,August,12,16,55,230,Motorway,9,"Dual carriageway - 2 lanes",50,"Not at or within 20 metres of junction",unset,"\",,"Daylight: no street lighting","Fine (without high winds)",Dry,None,None,"No overtaking",313840,676570,0,Unset,T.V.N.P.,357276,unset,EH309SR,"No crossing facility within 50m or physical crossing facility not controlled by authorised person","No physical crossing facility within 50m","At scene","55.97436,-3.38215"
476012,,Slight,2,1,30/08/2012,Thursday,30,August,12,18,50,230,A,1140,"Single carriageway - 2 lanes",30,"'T' or staggered junction","Give way sign or markings",Unclassified,,"Daylight: street lights present","Fine (without high winds)",Dry,None,None,"No overtaking",329030,674250,523440,Junction,Cyclist,357277,unset,EH76PX,"No crossing facility within 50m or physical crossing facility not controlled by authorised person","No physical crossing facility within 50m","At scene","55.95602,-3.13821"
476612,,Slight,2,1,22/08/2012,Wednesday,22,August,12,17,25,230,A,7,"Single carriageway - 2 lanes",30,"'T' or staggered junction","Automatic Traffic Signal",Unclassified,,"Daylight: street lights present","Fine (without high winds)",Dry,None,None,"No overtaking",326000,673420,521589,Junction,T.V.N.P.,357278,unset,EH11LL,"No crossing facility within 50m or physical crossing facility not controlled by authorised person","Pedestrian phase at traffic signal junction","At scene","55.9481,-3.1865"
478912,,Slight,1,1,29/08/2012,Wednesday,29,August,12,22,0,230,A,90,"Single carriageway - 2 lanes",30,"'T' or staggered junction","Automatic Traffic Signal",Unclassified,,"Darkness: street lights present and lit","Fine (without high winds)",Dry,None,None,"No overtaking",320010,675070,519708,Junction,S.V.N.P.,357279,unset,EH47AA,"No crossing facility within 50m or physical crossing facility not controlled by authorised person","No physical crossing facility within 50m","At scene","55.96196,-3.28287"
479812,,Fatal,1,1,01/09/2012,Saturday,1,September,12,14,55,230,Unclassified,,"Single carriageway - 2 lanes",30,"Not at or within 20 metres of junction",unset,"\",,"Daylight: no street lighting","Fine (without high winds)",Dry,None,None,"No overtaking",312390,674170,555150,Segment,Pedestrian,357532,unset,EH299DY,"No crossing facility within 50m or physical crossing facility not controlled by authorised person","No physical crossing facility within 50m","At scene","55.95254,-3.4046"
480212,,Slight,2,1,01/09/2012,Saturday,1,September,12,9,30,230,Unclassified,,"Single carriageway - 2 lanes",30,Crossroads,"Give way sign or markings",Unclassified,,"Daylight: street lights present","Fine (without high winds)",Dry,None,None,"No overtaking",326420,674670,12222024,Junction,T.V.N.P.,357533,unset,EH75JB,"No crossing facility within 50m or physical crossing facility not controlled by authorised person","No physical crossing facility within 50m","At scene","55.9594,-3.18012"
481712,,Slight,1,2,02/09/2012,Sunday,2,September,12,3,15,230,A,90,"Single carriageway - 2 lanes",30,"'T' or staggered junction","Automatic Traffic Signal",A,90,"Darkness: street lights present and lit","Fine (without high winds)",Dry,None,None,"No overtaking",324650,673740,520965,Junction,Pedestrian,357534,unset,EH24DB,"No crossing facility within 50m or physical crossing facility not controlled by authorised person","No physical crossing facility within 50m","At scene","55.95077,-3.20819"
483212,,Slight,2,1,03/09/2012,Monday,3,September,12,12,0,230,C,,"Single carriageway - 2 lanes",30,"'T' or staggered junction","Automatic Traffic Signal",A,199,"Daylight: street lights present","Fine (without high winds)",Dry,None,None,"No overtaking",328200,675980,523242,Junction,T.V.N.P.,357535,unset,EH67LA,"No crossing facility within 50m or physical crossing facility not controlled by authorised person","Pedestrian phase at traffic signal junction","At scene","55.97144,-3.15196"
485212,,Slight,2,1,25/08/2012,Saturday,25,August,12,20,25,230,A,90,"Dual carriageway - 2 lanes",70,"Not at or within 20 metres of junction",unset,"\",,"Daylight: no street lighting","Fine (without high winds)",Dry,None,None,"No overtaking",315960,677090,555414,Segment,T.V.N.P.,357280,unset,EH309TR,"No crossing facility within 50m or physical crossing facility not controlled by authorised person","No physical crossing facility within 50m","At scene","55.97941,-3.34836"
485412,,Slight,2,1,29/08/2012,Wednesday,29,August,12,10,29,230,A,7,"Single carriageway - 2 lanes",30,"'T' or staggered junction","Automatic Traffic Signal",Unclassified,,"Daylight: no street lighting","Raining (without high winds)",Dry,None,None,"No overtaking",326000,673420,521589,Junction,Cyclist,357281,unset,EH11LL,"Control by other authorised person","Pedestrian phase at traffic signal junction","At scene","55.9481,-3.1865"
488212,,Serious,1,1,02/07/2012,Monday,2,July,12,8,47,230,A,1,"Dual carriageway - 2 lanes",30,"Slip road","Give way sign or markings",Unclassified,,"Daylight: no street lighting","Raining (without high winds)",Dry,None,None,"No overtaking",331450,671940,530977,Junction,S.V.N.P.,365868,unset,EH218RX,"No crossing facility within 50m or physical crossing facility not controlled by authorised person","No physical crossing facility within 50m","At scene","55.93561,-3.09887"
489812,,Slight,1,2,04/09/2012,Tuesday,4,September,12,15,50,230,A,199,"Single carriageway - 2 lanes",30,Crossroads,"Automatic Traffic Signal",Unclassified,,"Daylight: street lights present","Fine (without high winds)",Dry,None,None,"No overtaking",327100,676540,519052,Junction,Bus,357536,unset,EH66RA,"No crossing facility within 50m or physical crossing facility not controlled by authorised person","Pedestrian phase at traffic signal junction","At scene","55.97629,-3.16973"
491512,,Slight,2,1,04/09/2012,Tuesday,4,September,12,19,20,230,A,70,"Single carriageway - 2 lanes",30,"'T' or staggered junction","Give way sign or markings",Unclassified,,"Darkness: street lights present but unlit","Fine (without high winds)",Dry,None,None,"No overtaking",323670,672690,521790,Junction,T.V.N.P.,357537,unset,EH112EF,"No crossing facility within 50m or physical crossing facility not controlled by authorised person","No physical crossing facility within 50m","At scene","55.94118,-3.22359"
492412,,Serious,1,1,05/09/2012,Wednesday,5,September,12,13,30,230,Unclassified,,"Single carriageway - 2 lanes",30,Crossroads,"Automatic Traffic Signal",C,,"Daylight: street lights present","Fine (without high winds)",Dry,None,None,"No overtaking",325070,674250,520545,Junction,Pedestrian,357538,unset,EH21JX,"No crossing facility within 50m or physical crossing facility not controlled by authorised person","Pedestrian phase at traffic signal junction","At scene","55.95541,-3.20161"
492512,,Slight,2,1,05/09/2012,Wednesday,5,September,12,11,15,230,Unclassified,,"Single carriageway - 2 lanes",30,"'T' or staggered junction","Give way sign or markings",Unclassified,,"Daylight: no street lighting","Fine (without high winds)",Dry,None,None,"No overtaking",325730,676540,10310083,Junction,T.V.N.P.,357539,unset,EH64QA,"No crossing facility within 50m or physical crossing facility not controlled by authorised person","Pelican, puffin, toucan or similar non-junction pedestrian light crossing","At scene","55.97608,-3.19168"
492812,,Serious,2,1,05/09/2012,Wednesday,5,September,12,14,8,230,C,,"Single carriageway - 2 lanes",30,"Not at or within 20 metres of junction",unset,"\",,"Daylight: street lights present","Fine (without high winds)",Dry,None,None,"No overtaking",328790,671700,553633,Segment,T.V.N.P.,357540,unset,EH164BE,"Control by other authorised person","Pedestrian phase at traffic signal junction","At scene","55.93307,-3.14138"
493312,,Slight,2,1,05/09/2012,Wednesday,5,September,12,15,40,230,Unclassified,,Roundabout,30,Roundabout,"Give way sign or markings",C,,"Daylight: street lights present","Fine (without high winds)",Dry,None,None,"No overtaking",321420,671750,522168,Junction,T.V.N.P.,357541,unset,EH113JT,"No crossing facility within 50m or physical crossing facility not controlled by authorised person","Pelican, puffin, toucan or similar non-junction pedestrian light crossing","At scene","55.93237,-3.25933"
494812,,Slight,2,1,06/09/2012,Thursday,6,September,12,15,11,230,C,,"Single carriageway - 2 lanes",30,Roundabout,"Give way sign or markings",Unclassified,,"Daylight: street lights present","Fine (without high winds)",Dry,None,None,"No overtaking",322520,672390,521919,Junction,T.V.N.P.,357542,unset,EH112QW,"No crossing facility within 50m or physical crossing facility not controlled by authorised person","Pedestrian phase at traffic signal junction","At scene","55.9383,-3.24191"
495212,,Serious,1,1,06/09/2012,Thursday,6,September,12,16,45,230,A,701,"Single carriageway - 2 lanes",30,"Not at or within 20 metres of junction",unset,"\",,"Daylight: street lights present","Fine (without high winds)",Dry,None,None,"No overtaking",327150,670540,570743,Segment,Pedestrian,357543,unset,EH165QR,"No crossing facility within 50m or physical crossing facility not controlled by authorised person","Pelican, puffin, toucan or similar non-junction pedestrian light crossing","At scene","55.9224,-3.16731"
496712,,Slight,3,1,07/09/2012,Friday,7,September,12,12,0,230,A,720,"Dual carriageway - 2 lanes",70,"Not at or within 20 metres of junction",unset,"\",,"Daylight: no street lighting","Fine (without high winds)",Dry,None,None,"No overtaking",331520,667920,2579269,Segment,M.V.N.P.,357544,unset,EH221RT,"No crossing facility within 50m or physical crossing facility not controlled by authorised person","No physical crossing facility within 50m","At scene","55.89951,-3.09672"
496912,,Slight,1,1,07/09/2012,Friday,7,September,12,14,40,230,A,900,"Single carriageway - 2 lanes",30,"Other junction","Automatic Traffic Signal",Unclassified,,"Daylight: street lights present","Fine (without high winds)",Dry,None,None,"No overtaking",326220,674670,520257,Junction,Bus,357545,unset,EH74AE,"No crossing facility within 50m or physical crossing facility not controlled by authorised person","No physical crossing facility within 50m","At scene","55.95937,-3.18332"
498912,,Serious,1,1,08/09/2012,Saturday,8,September,12,8,30,230,Unclassified,,"Single carriageway - 2 lanes",30,Roundabout,"Give way sign or markings",A,1,"Daylight: street lights present","Fine (without high winds)",Dry,None,None,"No overtaking",330330,672840,12225153,Junction,Pedestrian,357546,unset,EH151LA,"No crossing facility within 50m or physical crossing facility not controlled by authorised person","Pedestrian phase at traffic signal junction","At scene","55.94354,-3.11702"
499512,,Slight,4,1,09/09/2012,Sunday,9,September,12,16,30,230,Unclassified,,"Single carriageway - 2 lanes",30,Crossroads,"Automatic Traffic Signal",Unclassified,,"Daylight: no street lighting","Fine (without high winds)",Dry,None,None,"No overtaking",322170,671290,529561,Junction,M.V.N.P.,357547,unset,EH141RL,"Control by other authorised person","Pedestrian phase at traffic signal junction","At scene","55.92836,-3.24719"
499812,,Slight,1,2,09/09/2012,Sunday,9,September,12,18,0,230,C,,"Single carriageway - 2 lanes",50,"Not at or within 20 metres of junction",unset,"\",,"Daylight: no street lighting","Raining (without high winds)",Dry,None,None,"No overtaking",325240,670060,553483,Segment,S.V.N.P.,357548,unset,EH106JZ,"No crossing facility within 50m or physical crossing facility not controlled by authorised person","No physical crossing facility within 50m","At scene","55.9178,-3.19773"
501112,,Slight,1,1,10/09/2012,Monday,10,September,12,11,0,230,C,,"Single carriageway - 2 lanes",30,"Other junction","Automatic Traffic Signal",C,,"Daylight: street lights present","Fine (without high winds)",Dry,None,None,"No overtaking",324710,674030,520485,Junction,Pedestrian,357549,unset,EH24NG,"No crossing facility within 50m or physical crossing facility not controlled by authorised person","Pedestrian phase at traffic signal junction",Elsewhere,"55.95338,-3.20731"
501412,,Serious,1,1,11/09/2012,Tuesday,11,September,12,5,40,230,A,7,"Single carriageway - 2 lanes",30,"Not at or within 20 metres of junction",unset,"\",,"Darkness: street lights present and lit","Fine (without high winds)",Dry,None,None,"No overtaking",326060,673240,569288,Segment,Pedestrian,357550,unset,EH89DH,"No crossing facility within 50m or physical crossing facility not controlled by authorised person","No physical crossing facility within 50m","At scene","55.94649,-3.18549"
502412,,Slight,2,1,30/08/2012,Thursday,30,August,12,21,45,230,A,701,"Single carriageway - 2 lanes",30,Crossroads,"Automatic Traffic Signal",C,,"Darkness: street lights present and lit",Unknown,Dry,None,None,"No overtaking",327380,669450,530191,Junction,T.V.N.P.,357282,unset,EH166RX,"Control by other authorised person","No physical crossing facility within 50m",Elsewhere,"55.91265,-3.16334"
502712,,Slight,1,1,10/09/2012,Monday,10,September,12,14,35,230,A,702,"Single carriageway - 2 lanes",30,"'T' or staggered junction","Automatic Traffic Signal",Unclassified,,"Daylight: street lights present","Raining (without high winds)",Dry,None,None,"No overtaking",324760,673430,10254968,Junction,Pedestrian,357551,unset,EH12DA,"No crossing facility within 50m or physical crossing facility not controlled by authorised person","Central refuge - no other controls","At scene","55.948,-3.20635"
503012,,Slight,2,1,10/09/2012,Monday,10,September,12,14,40,230,A,702,"Single carriageway - 2 lanes",30,"'T' or staggered junction","Automatic Traffic Signal",Unclassified,,"Daylight: street lights present","Raining (without high winds)",Dry,None,None,"No overtaking",324760,673420,10254972,Junction,Cyclist,357552,unset,EH12DA,"No crossing facility within 50m or physical crossing facility not controlled by authorised person","Pedestrian phase at traffic signal junction",Elsewhere,"55.94791,-3.20634"
503412,,Slight,2,1,11/09/2012,Tuesday,11,September,12,18,45,230,Unclassified,,"Single carriageway - 2 lanes",30,"Not at or within 20 metres of junction",unset,"\",,"Daylight: street lights present","Fine (without high winds)",Dry,None,None,"No overtaking",326130,673750,558242,Segment,Cyclist,357553,unset,EH11DR,"No crossing facility within 50m or physical crossing facility not controlled by authorised person","No physical crossing facility within 50m","At scene","55.95109,-3.18451"
504512,,Serious,1,1,11/09/2012,Tuesday,11,September,12,18,46,230,Unclassified,,"Single carriageway - 2 lanes",30,"Not at or within 20 metres of junction",unset,"\",,"Daylight: street lights present","Fine (without high winds)",Dry,None,None,"No overtaking",323600,675820,563827,Segment,Pedestrian,357554,unset,EH52DW,"No crossing facility within 50m or physical crossing facility not controlled by authorised person","No physical crossing facility within 50m","At scene","55.96928,-3.2256"
504712,,Serious,2,1,06/09/2012,Thursday,6,September,12,23,45,230,B,1350,"Single carriageway - 2 lanes",30,"Not at or within 20 metres of junction",unset,"\",,"Darkness: street lights present and lit","Fine (without high winds)",Dry,None,None,"No overtaking",326860,674470,557686,Segment,T.V.N.P.,357555,unset,EH75EJ,"No crossing facility within 50m or physical crossing facility not controlled by authorised person","Pedestrian phase at traffic signal junction",Elsewhere,"55.95767,-3.17302"
504812,,Slight,1,1,11/09/2012,Tuesday,11,September,12,16,20,230,Unclassified,,"Single carriageway - 2 lanes",30,"Other junction","Give way sign or markings",Unclassified,,"Daylight: street lights present","Fine (without high winds)",Dry,None,None,"No overtaking",325870,671180,533413,Junction,Pedestrian,357556,unset,EH92HW,"No crossing facility within 50m or physical crossing facility not controlled by authorised person","No physical crossing facility within 50m","At scene","55.92796,-3.18796"
505012,,Slight,1,1,12/09/2012,Wednesday,12,September,12,18,40,230,Unclassified,,"Single carriageway - 2 lanes",30,"Not at or within 20 metres of junction",unset,"\",,"Daylight: street lights present","Fine (without high winds)",Dry,None,None,"No overtaking",326630,675260,558467,Segment,Pedestrian,357557,unset,EH65BU,"No crossing facility within 50m or physical crossing facility not controlled by authorised person","No physical crossing facility within 50m","At scene","55.96473,-3.17691"
505412,,Slight,1,1,08/09/2012,Saturday,8,September,12,17,40,230,C,,"Single carriageway - 2 lanes",30,Crossroads,"Automatic Traffic Signal",C,,"Daylight: no street lighting","Fine (without high winds)",Dry,None,None,"No overtaking",325610,673580,521124,Junction,Pedestrian,357558,unset,EH12NT,"No crossing facility within 50m or physical crossing facility not controlled by authorised person","Pedestrian phase at traffic signal junction","At scene","55.94948,-3.19278"
506512,,Serious,2,1,11/09/2012,Tuesday,11,September,12,22,10,230,C,,"Single carriageway - 2 lanes",30,"Other junction","Give way sign or markings",Unclassified,,"Darkness: street lights present and lit","Fine (without high winds)",Dry,None,None,"No overtaking",325440,672480,522054,Junction,T.V.N.P.,357559,unset,EH91DY,"No crossing facility within 50m or physical crossing facility not controlled by authorised person","No physical crossing facility within 50m","At scene","55.93957,-3.1952"
506712,,Slight,2,1,12/09/2012,Wednesday,12,September,12,8,10,230,Unclassified,,"Single carriageway - 2 lanes",30,"Not at or within 20 metres of junction",unset,"\",,"Daylight: street lights present","Fine (without high winds)",Dry,None,None,"No overtaking",323590,673800,565835,Segment,T.V.N.P.,357560,unset,EH43DR,"Control by other authorised person","Pelican, puffin, toucan or similar non-junction pedestrian light crossing","At scene","55.95114,-3.22518"