acc_ref,beat_no,severity,no_vehicle,no_casualt,a_date,a_day,a_date_day,a_date_mon,a_date_yr,a_time_hr,a_time_min,loc_auth,road1_class,road1_no,road_type,speed_limi,junc_det,junc_ctrl,road2_class,road2_no,light_cond,weather,road_surf,spec_cond,cway_hzrds,ovrtk_patrn,easting,northing,net_id,net_type,acc_type,text_id,division,Postcode,ped_xing_hc,ped_xing_p,place_reported,Location
507412,,Slight,2,1,13/09/2012,Thursday,13,September,12,8,10,230,C,,"Single carriageway - 2 lanes",30,"'T' or staggered junction","Give way sign or markings",Unclassified,,"Daylight: street lights present","Fine (without high winds)",Dry,None,None,"No overtaking",325910,673480,521565,Junction,Cyclist,357561,unset,EH11JJ,"No crossing facility within 50m or physical crossing facility not controlled by authorised person","No physical crossing facility within 50m",Elsewhere,"55.94863,-3.18796"
508812,,Slight,2,2,14/09/2012,Friday,14,September,12,15,40,230,A,7,"Single carriageway - 2 lanes",30,Crossroads,"Give way sign or markings",Unclassified,,"Daylight: street lights present","Fine (without high winds)",Dry,None,None,"No overtaking",326100,673170,521580,Junction,Bus,357562,unset,EH89BZ,"No crossing facility within 50m or physical crossing facility not controlled by authorised person","Pedestrian phase at traffic signal junction","At scene","55.94587,-3.18483"
508912,,Slight,1,1,14/09/2012,Friday,14,September,12,13,45,230,Unclassified,,Unknown,30,Crossroads,"Automatic Traffic Signal",Unclassified,,"Daylight: street lights present","Fine (without high winds)",Dry,None,None,"No overtaking",326390,674890,520266,Junction,Bus,357563,unset,EH75HW,"Control by other authorised person","Pedestrian phase at traffic signal junction","At scene","55.96137,-3.18066"
509012,,Slight,2,2,13/09/2012,Thursday,13,September,12,15,45,230,A,6106,"Single carriageway - 2 lanes",30,"'T' or staggered junction","Give way sign or markings",Unclassified,,"Daylight: no street lighting","Fine with high winds",Dry,None,None,"No overtaking",330430,672520,532570,Junction,T.V.N.P.,357564,unset,EH153LJ,"No crossing facility within 50m or physical crossing facility not controlled by authorised person","No physical crossing facility within 50m",Elsewhere,"55.94068,-3.11534"
510412,,Slight,2,1,12/09/2012,Wednesday,12,September,12,20,5,230,Unclassified,,"Single carriageway - 2 lanes",30,"Not at or within 20 metres of junction",unset,"\",,"Darkness: street lights present and lit","Fine (without high winds)",Dry,None,None,"No overtaking",330140,673520,559865,Segment,Cyclist,357565,unset,EH151NA,"No crossing facility within 50m or physical crossing facility not controlled by authorised person","No physical crossing facility within 50m","At scene","55.94962,-3.12024"
510712,,Slight,1,1,15/09/2012,Saturday,15,September,12,10,30,230,B,900,"Single carriageway - 2 lanes",30,"Using private drive or entrance","Give way sign or markings",Unclassified,,"Daylight: street lights present","Fine (without high winds)",Dry,None,None,"No overtaking",323600,674640,554180,Segment,Pedestrian,357566,unset,EH41AF,"No crossing facility within 50m or physical crossing facility not controlled by authorised person","Pelican, puffin, toucan or similar non-junction pedestrian light crossing","At scene","55.95869,-3.22526"
511012,,Slight,2,1,14/09/2012,Friday,14,September,12,17,10,230,Unclassified,,"Single carriageway - 2 lanes",30,"'T' or staggered junction","Give way sign or markings",Unclassified,,"Daylight: street lights present","Fine (without high winds)",Dry,None,None,"No overtaking",325010,671530,0,Unset,Cyclist,357567,unset,EH104SF,"No crossing facility within 50m or physical crossing facility not controlled by authorised person","No physical crossing facility within 50m",Elsewhere,"55.93097,-3.20181"
511312,,Slight,2,2,15/09/2012,Saturday,15,September,12,10,55,230,C,,"Single carriageway - 2 lanes",30,Crossroads,"Give way sign or markings",Unclassified,,"Daylight: street lights present","Fine (without high winds)",Dry,None,None,"No overtaking",330320,673660,523569,Junction,Pedestrian,357568,unset,EH151LX,"No crossing facility within 50m or physical crossing facility not controlled by authorised person","No physical crossing facility within 50m","At scene","55.9509,-3.11739"
511512,,Slight,2,1,15/09/2012,Saturday,15,September,12,7,20,230,Motorway,8,"Dual carriageway - 2 lanes",50,"Slip road","Give way sign or markings",Unclassified,,"Daylight: street lights present","Fine (without high winds)",Dry,None,None,"No overtaking",311660,671170,6452027,Junction,T.V.N.P.,357569,unset,EH288LQ,"No crossing facility within 50m or physical crossing facility not controlled by authorised person","No physical crossing facility within 50m","At scene","55.92547,-3.41531"
512612,,Slight,2,1,15/09/2012,Saturday,15,September,12,13,31,230,Unclassified,,"Single carriageway - 2 lanes",30,Crossroads,"Automatic Traffic Signal",A,701,"Daylight: no street lighting","Fine (without high winds)",Dry,None,None,"No overtaking",327190,670990,523074,Junction,Bus,357570,unset,EH165PB,"No crossing facility within 50m or physical crossing facility not controlled by authorised person","Pedestrian phase at traffic signal junction","At scene","55.92645,-3.16679"
513512,,Slight,2,1,15/09/2012,Saturday,15,September,12,13,40,230,A,901,"Single carriageway - 2 lanes",30,"'T' or staggered junction","Automatic Traffic Signal",A,901,"Daylight: street lights present","Fine (without high winds)",Dry,None,None,"No overtaking",325690,677060,532675,Junction,T.V.N.P.,357571,unset,EH64LX,"No crossing facility within 50m or physical crossing facility not controlled by authorised person","Pedestrian phase at traffic signal junction",Elsewhere,"55.98075,-3.19247"
513912,,Slight,2,1,03/08/2012,Friday,3,August,12,13,50,230,A,720,"Dual carriageway - 2 lanes",70,"Not at or within 20 metres of junction",unset,"\",,"Daylight: no street lighting","Fine (without high winds)",Dry,None,None,"No overtaking",327020,666970,2588155,Segment,T.V.N.P.,357283,unset,EH209NR,"No crossing facility within 50m or physical crossing facility not controlled by authorised person","No physical crossing facility within 50m","At scene","55.89031,-3.16843"
514012,,Serious,1,1,17/09/2012,Monday,17,September,12,13,20,230,A,7,"Single carriageway - 2 lanes",30,Crossroads,"Automatic Traffic Signal",A,7,"Daylight: street lights present","Fine (without high winds)",Dry,None,None,"No overtaking",326430,672420,532786,Junction,Pedestrian,357572,unset,EH89QA,"No crossing facility within 50m or physical crossing facility not controlled by authorised person","Pedestrian phase at traffic signal junction","At scene","55.93918,-3.17934"
514112,,Slight,2,1,17/09/2012,Monday,17,September,12,16,50,230,Unclassified,,"Single carriageway - 2 lanes",30,Roundabout,"Give way sign or markings",Unclassified,,"Daylight: no street lighting","Raining (without high winds)",Dry,None,None,"No overtaking",327000,672680,533200,Junction,T.V.N.P.,357573,unset,EH87AT,"No crossing facility within 50m or physical crossing facility not controlled by authorised person","No physical crossing facility within 50m",Elsewhere,"55.94161,-3.17029"
514412,,Slight,1,1,17/09/2012,Monday,17,September,12,18,5,230,C,,"Single carriageway - 2 lanes",30,"Not at or within 20 metres of junction",unset,"\",,"Daylight: no street lighting","Fine (without high winds)",Dry,None,None,"No overtaking",327350,675750,2106436,Segment,Pedestrian,357574,unset,EH67ES,"No crossing facility within 50m or physical crossing facility not controlled by authorised person","No physical crossing facility within 50m","At scene","55.96924,-3.16551"
515512,,Slight,2,1,16/09/2012,Sunday,16,September,12,16,20,230,Unclassified,,"Single carriageway - 2 lanes",30,"Other junction","Give way sign or markings",Unclassified,,"Daylight: street lights present","Fine (without high winds)",Dry,None,None,"No overtaking",326410,674660,12222024,Junction,Cyclist,357575,unset,EH75HY,"No crossing facility within 50m or physical crossing facility not controlled by authorised person","No physical crossing facility within 50m",Elsewhere,"55.95931,-3.18027"
516112,,Slight,1,1,14/09/2012,Friday,14,September,12,11,15,230,A,71,"Single carriageway - 2 lanes",30,"'T' or staggered junction","Give way sign or markings",Unclassified,,"Daylight: street lights present","Fine (without high winds)",Dry,None,None,"No overtaking",323040,672300,522009,Junction,Pedestrian,357576,unset,EH111TT,"No crossing facility within 50m or physical crossing facility not controlled by authorised person","Pelican, puffin, toucan or similar non-junction pedestrian light crossing","At scene","55.93758,-3.23356"
516212,,Slight,2,1,18/09/2012,Tuesday,18,September,12,17,35,230,A,902,"Single carriageway - 2 lanes",30,"'T' or staggered junction","Automatic Traffic Signal",Unclassified,,"Daylight: street lighting unknown","Fine (without high winds)",Dry,None,None,"No overtaking",322210,674900,520050,Junction,T.V.N.P.,357577,unset,EH42SD,"No crossing facility within 50m or physical crossing facility not controlled by authorised person","Pedestrian phase at traffic signal junction","At scene","55.9608,-3.2476"
516712,,Slight,3,1,18/09/2012,Tuesday,18,September,12,16,30,230,Unclassified,,"Single carriageway - 2 lanes",30,"'T' or staggered junction","Give way sign or markings",Unclassified,,"Daylight: street lights present","Fine (without high winds)",Dry,None,None,"No overtaking",324860,670610,0,Unset,M.V.N.P.,357578,unset,EH106EB,"No crossing facility within 50m or physical crossing facility not controlled by authorised person","Central refuge - no other controls",Elsewhere,"55.92268,-3.20396"
516812,,Slight,2,1,19/09/2012,Wednesday,19,September,12,12,0,230,Unclassified,,"One way Street",30,Crossroads,"Give way sign or markings",Unclassified,,"Daylight: no street lighting","Fine (without high winds)",Dry,None,None,"No overtaking",326530,671980,0,Unset,Cyclist,357579,unset,EH91SN,"No crossing facility within 50m or physical crossing facility not controlled by authorised person","No physical crossing facility within 50m","At scene","55.93525,-3.17762"
517712,,Slight,1,1,19/09/2012,Wednesday,19,September,12,16,45,230,Unclassified,,"Single carriageway - 2 lanes",30,"Not at or within 20 metres of junction",unset,"\",,"Daylight: street lights present","Fine (without high winds)",Dry,None,None,"No overtaking",324500,671790,522972,Junction,Pedestrian,357580,unset,EH104DR,"No crossing facility within 50m or physical crossing facility not controlled by authorised person","Pelican, puffin, toucan or similar non-junction pedestrian light crossing","At scene","55.93323,-3.21005"
518512,,Slight,2,1,19/09/2012,Wednesday,19,September,12,17,29,230,A,900,"Dual carriageway - 2 lanes",30,"Not at or within 20 metres of junction",unset,"\",,"Daylight: street lights present","Fine (without high winds)",Dry,None,None,"No overtaking",326190,674610,2599256,Segment,T.V.N.P.,357581,unset,EH74AB,"No crossing facility within 50m or physical crossing facility not controlled by authorised person","No physical crossing facility within 50m",Elsewhere,"55.95882,-3.18378"
518612,,Slight,2,3,20/09/2012,Thursday,20,September,12,7,35,230,A,901,"Single carriageway - 2 lanes",30,Crossroads,"Automatic Traffic Signal",Unclassified,,"Daylight: street lights present","Raining (without high winds)",Dry,None,None,"No overtaking",326520,676450,531376,Junction,T.V.N.P.,357582,unset,EH66HN,"No crossing facility within 50m or physical crossing facility not controlled by authorised person","No physical crossing facility within 50m","At scene","55.97539,-3.179"
519212,,Serious,2,1,19/09/2012,Wednesday,19,September,12,7,20,230,Unclassified,,"Single carriageway - 2 lanes",30,"Not at or within 20 metres of junction",unset,"\",,"Daylight: street lights present","Fine (without high winds)",Dry,None,None,"No overtaking",322840,672420,0,Unset,Cyclist,357583,unset,EH112PU,"No crossing facility within 50m or physical crossing facility not controlled by authorised person","No physical crossing facility within 50m","At scene","55.93862,-3.2368"
519412,,Slight,2,1,20/09/2012,Thursday,20,September,12,7,15,230,A,1,"Dual carriageway - 2 lanes",40,Roundabout,"Give way sign or markings",Unclassified,,"Daylight: street lights present","Raining (without high winds)",Dry,None,None,"No overtaking",331210,672890,521496,Junction,T.V.N.P.,357584,unset,EH153QH,"No crossing facility within 50m or physical crossing facility not controlled by authorised person","Pelican, puffin, toucan or similar non-junction pedestrian light crossing","At scene","55.94411,-3.10296"
519812,,Slight,2,1,20/09/2012,Thursday,20,September,12,12,0,230,Unclassified,,"Single carriageway - 2 lanes",30,"Using private drive or entrance","Give way sign or markings",Unclassified,,"Daylight: street lights present","Raining (without high winds)",Dry,None,None,"No overtaking",318760,671080,12216427,Segment,T.V.N.P.,357585,unset,EH114DT,"No crossing facility within 50m or physical crossing facility not controlled by authorised person","No physical crossing facility within 50m","At scene","55.92591,-3.30169"
520012,,Slight,2,1,20/09/2012,Thursday,20,September,12,14,40,230,Unclassified,,"Single carriageway - 2 lanes",30,"'T' or staggered junction","Give way sign or markings",Unclassified,,"Daylight: street lights present","Raining (without high winds)",Dry,None,None,"No overtaking",327640,675100,519912,Junction,T.V.N.P.,357586,unset,EH76DA,"No crossing facility within 50m or physical crossing facility not controlled by authorised person","No physical crossing facility within 50m","At scene","55.96345,-3.16069"
520612,,Slight,2,2,20/09/2012,Thursday,20,September,12,15,10,230,Unclassified,,"Single carriageway - 2 lanes",30,"'T' or staggered junction","Automatic Traffic Signal",Unclassified,,"Daylight: street lights present","Raining (without high winds)",Dry,None,None,"No overtaking",322360,671110,523488,Junction,Bus,357587,unset,EH141QB,"No crossing facility within 50m or physical crossing facility not controlled by authorised person","Pelican, puffin, toucan or similar non-junction pedestrian light crossing",Elsewhere,"55.92678,-3.2441"
520712,,Slight,2,1,19/09/2012,Wednesday,19,September,12,17,10,230,A,772,"Single carriageway - 2 lanes",30,"'T' or staggered junction","Give way sign or markings",Unclassified,,"Daylight: street lights present","Fine (without high winds)",Dry,None,None,"No overtaking",327960,670040,530104,Junction,Cyclist,357588,unset,EH166AP,"No crossing facility within 50m or physical crossing facility not controlled by authorised person","No physical crossing facility within 50m","At scene","55.91803,-3.15422"
520912,,Slight,2,1,20/09/2012,Thursday,20,September,12,16,8,230,A,1,"Single carriageway - 2 lanes",30,"Other junction","Give way sign or markings",Unclassified,,"Daylight: street lights present","Raining (without high winds)",Dry,None,None,"No overtaking",327530,674340,520749,Junction,T.V.N.P.,357589,unset,EH75TR,"No crossing facility within 50m or physical crossing facility not controlled by authorised person","Pedestrian phase at traffic signal junction",Elsewhere,"55.9566,-3.16225"
521012,,Slight,1,1,20/09/2012,Thursday,20,September,12,19,58,230,Unclassified,,"Single carriageway - 2 lanes",30,"'T' or staggered junction","Automatic Traffic Signal",Unclassified,,"Darkness: street lights present and lit","Raining (without high winds)",Dry,None,None,"No overtaking",327370,674380,520725,Junction,Pedestrian,357590,unset,EH75TA,"No crossing facility within 50m or physical crossing facility not controlled by authorised person","Pedestrian phase at traffic signal junction","At scene","55.95694,-3.16482"
521212,,Slight,2,1,20/09/2012,Thursday,20,September,12,20,40,230,A,7,"Single carriageway - 2 lanes",30,"'T' or staggered junction","Automatic Traffic Signal",Unclassified,,"Darkness: street lights present and lit","Raining (without high winds)",Dry,None,None,"No overtaking",326000,673430,521589,Junction,T.V.N.P.,357591,unset,EH11LL,"No crossing facility within 50m or physical crossing facility not controlled by authorised person","Pedestrian phase at traffic signal junction","At scene","55.94819,-3.1865"
521312,,Slight,2,1,20/09/2012,Thursday,20,September,12,8,15,230,C,,"Single carriageway - 2 lanes",30,"Not at or within 20 metres of junction",unset,"\",,"Darkness: street lights present and lit","Raining (without high winds)",Dry,None,None,"No overtaking",324900,674080,566753,Segment,Cyclist,357592,unset,EH24NA,"No crossing facility within 50m or physical crossing facility not controlled by authorised person","Pedestrian phase at traffic signal junction",Elsewhere,"55.95386,-3.20429"
521612,,Slight,2,1,21/09/2012,Friday,21,September,12,8,30,230,Unclassified,,"Single carriageway - 2 lanes",30,"Other junction","Give way sign or markings",Unclassified,,"Daylight: street lights present","Fog (or mist if hazard)",Dry,None,None,"No overtaking",324390,669850,532891,Junction,Cyclist,357593,unset,EH106EZ,"No crossing facility within 50m or physical crossing facility not controlled by authorised person","Central refuge - no other controls",Elsewhere,"55.91578,-3.21127"
522012,,Slight,2,3,21/09/2012,Friday,21,September,12,8,40,230,Unclassified,,"Single carriageway - 2 lanes",30,"Not at or within 20 metres of junction",unset,"\",,"Daylight: street lights present","Fine (without high winds)",Dry,None,None,"No overtaking",321780,676870,12226742,Segment,T.V.N.P.,357594,unset,EH45EL,"No crossing facility within 50m or physical crossing facility not controlled by authorised person","No physical crossing facility within 50m","\3","55.97842,-3.25505"
522312,,Slight,4,2,21/09/2012,Friday,21,September,12,11,13,230,A,90,"Dual carriageway - 2 lanes",50,"Not at or within 20 metres of junction",unset,"\",,"Daylight: no street lighting","Fine (without high winds)",Dry,None,None,"No overtaking",312820,677270,555684,Segment,M.V.N.P.,357595,unset,EH309SS,"No crossing facility within 50m or physical crossing facility not controlled by authorised person","No physical crossing facility within 50m",Elsewhere,"55.98047,-3.39872"
522912,,Slight,2,1,21/09/2012,Friday,21,September,12,15,35,230,Unclassified,,"Single carriageway - 2 lanes",30,Crossroads,"Give way sign or markings",Unclassified,,"Daylight: street lights present","Fine (without high winds)",Dry,None,None,"No overtaking",325200,676130,519217,Junction,T.V.N.P.,357596,unset,EH53AF,"No crossing facility within 50m or physical crossing facility not controlled by authorised person","Zebra crossing","At scene","55.97231,-3.20005"
523012,,Slight,2,3,21/09/2012,Friday,21,September,12,16,20,230,A,71,"Dual carriageway - 2 lanes",40,"Not at or within 20 metres of junction",unset,"\",,"Daylight: street lights present","Fine (without high winds)",Dry,None,None,"No overtaking",320260,670910,562840,Segment,T.V.N.P.,357597,unset,EH114AH,"No crossing facility within 50m or physical crossing facility not controlled by authorised person","No physical crossing facility within 50m","At scene","55.92464,-3.27764"
523412,,Slight,2,1,18/09/2012,Tuesday,18,September,12,14,55,230,C,,"Single carriageway - 2 lanes",30,Crossroads,"Automatic Traffic Signal",A,772,"Daylight: street lighting unknown","Fine (without high winds)",Dry,None,None,"No overtaking",328050,669940,530179,Junction,T.V.N.P.,357598,unset,EH165UR,"No crossing facility within 50m or physical crossing facility not controlled by authorised person","No physical crossing facility within 50m",Elsewhere,"55.91715,-3.15275"
523612,,Serious,3,1,21/09/2012,Friday,21,September,12,16,54,230,A,6095,"Single carriageway - 2 lanes",30,"Not at or within 20 metres of junction",unset,"\",,"Daylight: no street lighting","Fine (without high winds)",Dry,None,None,"No overtaking",328850,671650,553846,Segment,M.V.N.P.,357599,unset,EH164BE,"No crossing facility within 50m or physical crossing facility not controlled by authorised person","No physical crossing facility within 50m","At scene","55.93263,-3.1404"
524612,,Slight,2,1,22/09/2012,Saturday,22,September,12,11,15,230,Unclassified,,"One way Street",20,"Not at or within 20 metres of junction",unset,"\",,"Daylight: no street lighting","Fine (without high winds)",Dry,None,None,"No overtaking",328100,673870,0,Unset,Cyclist,357600,unset,EH87AT,"No crossing facility within 50m or physical crossing facility not controlled by authorised person","No physical crossing facility within 50m",Elsewhere,"55.95246,-3.153"
524912,,Slight,2,1,20/09/2012,Thursday,20,September,12,18,0,230,Unclassified,,"Single carriageway - 2 lanes",30,"Not at or within 20 metres of junction",unset,"\",,"Daylight: street lights present","Raining (without high winds)",Dry,None,None,"No overtaking",325190,670950,564325,Segment,Cyclist,357601,unset,EH106BR,"No crossing facility within 50m or physical crossing facility not controlled by authorised person","No physical crossing facility within 50m","At scene","55.92579,-3.19877"
525012,,Fatal,1,1,22/09/2012,Saturday,22,September,12,12,15,230,Unclassified,,"Single carriageway - 2 lanes",30,"Not at or within 20 metres of junction",unset,"\",,"Daylight: street lights present","Fine (without high winds)",Dry,None,None,"No overtaking",328660,673550,0,Unset,S.V.N.P.,357602,unset,EH87LD,"No crossing facility within 50m or physical crossing facility not controlled by authorised person","No physical crossing facility within 50m","At scene","55.94967,-3.14395"
525212,,Slight,2,1,22/09/2012,Saturday,22,September,12,14,40,230,Unclassified,,"Single carriageway - 2 lanes",40,"Not at or within 20 metres of junction",unset,"\",,"Daylight: no street lighting","Fine (without high winds)",Dry,None,None,"No overtaking",318120,668600,12229654,Segment,T.V.N.P.,357603,unset,EH145AA,"No crossing facility within 50m or physical crossing facility not controlled by authorised person","No physical crossing facility within 50m","At scene","55.90352,-3.31118"
525312,,Slight,2,1,19/09/2012,Wednesday,19,September,12,8,20,230,Unclassified,,"Single carriageway - 2 lanes",30,Crossroads,"Authorised Person",Unclassified,,"Daylight: street lights present",Other,Dry,None,None,"No overtaking",325760,671510,523863,Junction,Cyclist,357604,unset,EH92RA,"No crossing facility within 50m or physical crossing facility not controlled by authorised person","No physical crossing facility within 50m",Elsewhere,"55.93091,-3.18981"
525412,,Slight,1,1,22/09/2012,Saturday,22,September,12,16,13,230,A,6095,Roundabout,30,Roundabout,"Give way sign or markings",Unclassified,,"Daylight: no street lighting","Fine (without high winds)",Dry,None,None,"No overtaking",331400,671870,0,Unset,S.V.N.P.,357605,unset,EH218RX,"No crossing facility within 50m or physical crossing facility not controlled by authorised person","No physical crossing facility within 50m","At scene","55.93498,-3.09966"
527012,,Slight,1,1,23/09/2012,Sunday,23,September,12,14,8,230,Unclassified,,Unknown,30,"'T' or staggered junction","Give way sign or markings",Unclassified,,"Daylight: street lights present","Fine (without high winds)",Dry,None,None,"No overtaking",312520,674330,517327,Junction,S.V.N.P.,357606,unset,EH299AX,"No crossing facility within 50m or physical crossing facility not controlled by authorised person","No physical crossing facility within 50m","At scene","55.954,-3.40257"
527212,,Slight,2,2,23/09/2012,Sunday,23,September,12,16,15,230,Unclassified,,"Single carriageway - 2 lanes",30,"Not at or within 20 metres of junction",unset,"\",,"Daylight: no street lighting","Fine (without high winds)",Dry,None,None,"No overtaking",321570,676900,12226678,Segment,T.V.N.P.,357607,unset,EH45EJ,"No crossing facility within 50m or physical crossing facility not controlled by authorised person","No physical crossing facility within 50m","At scene","55.97865,-3.25843"
527312,,Serious,1,1,23/09/2012,Sunday,23,September,12,19,40,230,Unclassified,,"Single carriageway - 2 lanes",30,"Not at or within 20 metres of junction",unset,"\",,"Darkness: street lights present and lit","Fine (without high winds)",Dry,None,None,"No overtaking",322370,671110,561769,Segment,Pedestrian,357608,unset,EH141QA,"No crossing facility within 50m or physical crossing facility not controlled by authorised person","Pedestrian phase at traffic signal junction","At scene","55.92678,-3.24394"
527812,,Slight,1,1,24/09/2012,Monday,24,September,12,7,20,230,A,7,"Single carriageway - 2 lanes",30,"Not at or within 20 metres of junction",unset,"\",,"Daylight: street lights present","Raining with high winds",Dry,None,None,"No overtaking",325880,673870,569270,Segment,Bus,357609,unset,EH11BB,"No crossing facility within 50m or physical crossing facility not controlled by authorised person","No physical crossing facility within 50m","At scene","55.95213,-3.18854"
528012,,Slight,2,1,19/09/2012,Wednesday,19,September,12,10,0,230,A,1,"Single carriageway - 2 lanes",30,"Other junction","Automatic Traffic Signal",A,7,"Daylight: street lights present","Raining (without high winds)",Dry,None,None,"No overtaking",325850,674000,517891,Junction,Cyclist,357610,unset,EH22EJ,"No crossing facility within 50m or physical crossing facility not controlled by authorised person","Pedestrian phase at traffic signal junction",Elsewhere,"55.95329,-3.18906"
528112,,Slight,3,1,23/09/2012,Sunday,23,September,12,18,40,230,A,71,"Single carriageway - 2 lanes",40,Roundabout,"Automatic Traffic Signal",A,71,"Daylight: street lights present","Fine (without high winds)",Dry,None,None,"No overtaking",318520,670340,2307039,Junction,M.V.N.P.,357611,unset,EH144AW,"No crossing facility within 50m or physical crossing facility not controlled by authorised person","No physical crossing facility within 50m","At scene","55.91922,-3.3053"
529212,,Slight,1,2,24/09/2012,Monday,24,September,12,12,45,230,C,,"Single carriageway - 2 lanes",30,"Not at or within 20 metres of junction",unset,"\",,"Daylight: street lights present","Raining (without high winds)",Dry,None,None,"No overtaking",325260,674020,566549,Segment,Pedestrian,357612,unset,EH22HT,"No crossing facility within 50m or physical crossing facility not controlled by authorised person","No physical crossing facility within 50m","At scene","55.95338,-3.1985"
529912,,Slight,2,1,21/09/2012,Friday,21,September,12,8,55,230,Unclassified,,"Single carriageway - 2 lanes",30,"Multiple junction","Automatic Traffic Signal",A,70,"Daylight: street lights present","Fine (without high winds)",Dry,None,None,"No overtaking",324080,673180,521334,Junction,Cyclist,357613,unset,EH112BQ,"No crossing facility within 50m or physical crossing facility not controlled by authorised person","Pedestrian phase at traffic signal junction",Elsewhere,"55.94565,-3.21716"
531412,,Slight,1,1,24/09/2012,Monday,24,September,12,8,0,230,Unclassified,,"Single carriageway - 2 lanes",30,"Not at or within 20 metres of junction",unset,"\",,"Daylight: street lights present","Raining (without high winds)",Dry,None,None,"No overtaking",327800,671110,568093,Segment,Pedestrian,357614,unset,EH165UF,"No crossing facility within 50m or physical crossing facility not controlled by authorised person","No physical crossing facility within 50m","At scene","55.92762,-3.15706"
531512,,Slight,2,1,25/09/2012,Tuesday,25,September,12,7,30,230,Unclassified,,"Single carriageway - 2 lanes",30,Mini-roundabout,"Give way sign or markings",Unclassified,,"Daylight: street lights present","Fine with high winds",Dry,None,None,"No overtaking",323310,676530,522858,Junction,Cyclist,357615,unset,EH52HQ,"No crossing facility within 50m or physical crossing facility not controlled by authorised person","No physical crossing facility within 50m","At scene","55.97561,-3.23044"
531712,,Slight,3,1,24/09/2012,Monday,24,September,12,8,35,230,A,902,"Single carriageway - 2 lanes",30,"'T' or staggered junction","Automatic Traffic Signal",Unclassified,,"Daylight: street lights present","Raining (without high winds)",Dry,None,None,"No overtaking",322250,674900,520050,Junction,M.V.N.P.,357616,unset,EH42LX,"No crossing facility within 50m or physical crossing facility not controlled by authorised person","Pedestrian phase at traffic signal junction","At scene","55.96081,-3.24696"
532512,,Slight,1,1,24/09/2012,Monday,24,September,12,21,30,230,C,,"Single carriageway - 2 lanes",20,"Not at or within 20 metres of junction",unset,"\",,"Daylight: no street lighting","Raining with high winds",Dry,None,None,"No overtaking",325480,672160,559024,Segment,Pedestrian,357617,unset,EH91HF,"No crossing facility within 50m or physical crossing facility not controlled by authorised person","No physical crossing facility within 50m","At scene","55.9367,-3.19447"
532612,,Slight,1,1,25/09/2012,Tuesday,25,September,12,11,41,230,A,8,"Single carriageway - 2 lanes",20,"Not at or within 20 metres of junction",unset,"\",,"Daylight: no street lighting","Raining (without high winds)",Dry,None,None,"No overtaking",320090,672920,521724,Junction,Pedestrian,357618,unset,EH128AT,"No crossing facility within 50m or physical crossing facility not controlled by authorised person","No physical crossing facility within 50m","At scene","55.94266,-3.28095"
532912,,Slight,2,1,25/09/2012,Tuesday,25,September,12,21,45,230,A,8,Roundabout,30,Roundabout,"Give way sign or markings",Unclassified,,"Daylight: no street lighting","Raining (without high winds)",Dry,None,None,"No overtaking",319320,672940,522894,Junction,Cyclist,357619,unset,EH128SQ,"Control by other authorised person","Pedestrian phase at traffic signal junction",Elsewhere,"55.94272,-3.29328"
533612,,Slight,2,1,26/09/2012,Wednesday,26,September,12,8,48,230,C,,"Single carriageway - 2 lanes",30,Crossroads,"Give way sign or markings",Unclassified,,"Daylight: no street lighting","Raining (without high winds)",Dry,None,None,"No overtaking",330310,673650,523569,Junction,T.V.N.P.,357620,unset,EH151LX,"Control by other authorised person","Pedestrian phase at traffic signal junction","At scene","55.95081,-3.11755"
533912,,Slight,2,1,26/08/2012,Sunday,26,August,12,15,0,230,Unclassified,,"Single carriageway - 2 lanes",30,"'T' or staggered junction","Give way sign or markings",Unclassified,,"Daylight: no street lighting","Fine (without high winds)",Dry,None,None,"No overtaking",312940,678120,4421924,Junction,T.V.N.P.,357284,unset,EH309HY,"Control by other authorised person","Pedestrian phase at traffic signal junction",Elsewhere,"55.98812,-3.39707"
534612,,Slight,1,1,25/09/2012,Tuesday,25,September,12,16,30,230,Unclassified,,"Single carriageway - 2 lanes",30,"'T' or staggered junction","Automatic Traffic Signal",Unclassified,,"Daylight: no street lighting","Fine (without high winds)",Dry,None,None,"No overtaking",325140,673060,521460,Junction,Pedestrian,357621,unset,EH39HY,"No crossing facility within 50m or physical crossing facility not controlled by authorised person","Pedestrian phase at traffic signal junction","At scene","55.94473,-3.20016"
534812,,Slight,2,2,26/09/2012,Wednesday,26,September,12,19,30,230,Unclassified,,"Single carriageway - 2 lanes",30,"'T' or staggered junction","Give way sign or markings",C,,"Darkness: street lights present and lit","Fine (without high winds)",Dry,None,None,"No overtaking",321920,672480,521916,Junction,T.V.N.P.,357622,unset,EH125XQ,"No crossing facility within 50m or physical crossing facility not controlled by authorised person","Pelican, puffin, toucan or similar non-junction pedestrian light crossing","At scene","55.93901,-3.25154"