acc_ref,beat_no,severity,no_vehicle,no_casualt,a_date,a_day,a_date_day,a_date_mon,a_date_yr,a_time_hr,a_time_min,loc_auth,road1_class,road1_no,road_type,speed_limi,junc_det,junc_ctrl,road2_class,road2_no,light_cond,weather,road_surf,spec_cond,cway_hzrds,ovrtk_patrn,easting,northing,net_id,net_type,acc_type,text_id,division,Postcode,ped_xing_hc,ped_xing_p,place_reported,Location
535512,,Serious,1,1,23/09/2012,Sunday,23,September,12,20,49,230,Unclassified,,"Single carriageway - 2 lanes",30,"'T' or staggered junction","Automatic Traffic Signal",Unclassified,,"Darkness: street lights present and lit","Raining (without high winds)",Dry,None,None,"No overtaking",324320,673030,10331569,Junction,S.V.N.P.,357623,unset,EH38AY,"Control by other authorised person","Pedestrian phase at traffic signal junction","At scene","55.94434,-3.21328"
536312,,Slight,1,1,25/09/2012,Tuesday,25,September,12,10,30,230,B,900,"Single carriageway - 2 lanes",30,"Not at or within 20 metres of junction",unset,"\",,"Daylight: street lights present","Raining (without high winds)",Dry,None,None,"No overtaking",323640,674650,554180,Segment,Bus,357624,unset,EH41AG,"No crossing facility within 50m or physical crossing facility not controlled by authorised person","Pelican, puffin, toucan or similar non-junction pedestrian light crossing",Elsewhere,"55.95878,-3.22462"
536412,,Slight,1,1,27/09/2012,Thursday,27,September,12,17,0,230,Unclassified,,"Single carriageway - 2 lanes",30,"Not at or within 20 metres of junction",unset,"\",,"Daylight: street lights present","Fine (without high winds)",Dry,None,None,"No overtaking",312520,674570,555237,Segment,Pedestrian,357625,unset,EH299AB,"No crossing facility within 50m or physical crossing facility not controlled by authorised person","Pedestrian phase at traffic signal junction",Elsewhere,"55.95616,-3.40265"
537912,,Serious,1,1,28/09/2012,Friday,28,September,12,12,58,230,Unclassified,,"Single carriageway - 2 lanes",30,Crossroads,"Give way sign or markings",Unclassified,,"Daylight: no street lighting","Raining (without high winds)",Dry,None,None,"No overtaking",322160,675170,12233439,Junction,Pedestrian,357626,unset,EH42RZ,"Control by school crossing patrol","Zebra crossing","At scene","55.96322,-3.24847"
538112,,Serious,1,1,28/09/2012,Friday,28,September,12,12,30,230,A,772,"Single carriageway - 2 lanes",30,"Not at or within 20 metres of junction",unset,"\",,"Daylight: no street lighting","Fine (without high winds)",Dry,None,None,"No overtaking",328930,669060,569375,Segment,Pedestrian,357627,unset,EH177JE,"No crossing facility within 50m or physical crossing facility not controlled by authorised person","Central refuge - no other controls","At scene","55.90937,-3.13844"
538212,,Serious,2,1,28/09/2012,Friday,28,September,12,15,40,230,C,,Roundabout,30,Roundabout,"Give way sign or markings",Unclassified,,"Daylight: street lights present","Fine (without high winds)",Dry,None,None,"No overtaking",326760,673930,521184,Junction,Cyclist,357628,unset,EH88DU,"No crossing facility within 50m or physical crossing facility not controlled by authorised person","No physical crossing facility within 50m","At scene","55.9528,-3.17447"
538812,,Slight,2,1,28/09/2012,Friday,28,September,12,17,45,230,Unclassified,,"Single carriageway - 2 lanes",30,"Not at or within 20 metres of junction",unset,"\",,"Daylight: no street lighting","Fine (without high winds)",Dry,None,None,"No overtaking",327820,674980,557482,Segment,T.V.N.P.,357629,unset,EH76DX,"No crossing facility within 50m or physical crossing facility not controlled by authorised person","No physical crossing facility within 50m","At scene","55.96239,-3.15778"
539312,,Slight,3,1,28/09/2012,Friday,28,September,12,19,20,230,A,70,"Single carriageway - 2 lanes",30,"'T' or staggered junction","Automatic Traffic Signal",Unclassified,,"Darkness: street lights present and lit","Raining with high winds",Dry,None,None,"No overtaking",323140,671990,522267,Junction,M.V.N.P.,357630,unset,EH111PR,"No crossing facility within 50m or physical crossing facility not controlled by authorised person","Pelican, puffin, toucan or similar non-junction pedestrian light crossing","At scene","55.93481,-3.23187"
539712,,Slight,2,1,28/09/2012,Friday,28,September,12,17,30,230,A,70,"Single carriageway - 2 lanes",30,Roundabout,"Give way sign or markings",Unclassified,,"Daylight: street lights present","Fine (without high winds)",Dry,None,None,"No overtaking",321970,670640,522768,Junction,T.V.N.P.,357631,unset,EH142EP,"No crossing facility within 50m or physical crossing facility not controlled by authorised person","No physical crossing facility within 50m",Elsewhere,"55.92249,-3.25021"
539912,,Fatal,1,2,29/09/2012,Saturday,29,September,12,16,50,230,Unclassified,,"One way Street",30,"Other junction","Give way sign or markings",Unclassified,,"Daylight: street lights present","Fine (without high winds)",Dry,None,None,"No overtaking",326020,673170,12223882,Junction,Pedestrian,357632,unset,EH89BH,"No crossing facility within 50m or physical crossing facility not controlled by authorised person","No physical crossing facility within 50m","At scene","55.94586,-3.18611"
540312,,Slight,2,1,29/09/2012,Saturday,29,September,12,16,15,230,Unclassified,,"Single carriageway - 2 lanes",30,Roundabout,"Give way sign or markings",Unclassified,,"Daylight: street lights present","Fine with high winds",Dry,None,None,"No overtaking",326510,676890,0,Unset,Cyclist,357633,unset,EH66NE,"No crossing facility within 50m or physical crossing facility not controlled by authorised person","Pelican, puffin, toucan or similar non-junction pedestrian light crossing","At scene","55.97934,-3.17928"
540412,,Slight,1,1,29/09/2012,Saturday,29,September,12,18,0,230,A,7,"Single carriageway - 2 lanes",30,"'T' or staggered junction","Give way sign or markings",Unclassified,,"Daylight: street lights present","Fine (without high winds)",Dry,None,"Pedestrian in carriagway - not injured","No overtaking",326070,673220,521583,Junction,Bus,357634,unset,EH89DH,"No crossing facility within 50m or physical crossing facility not controlled by authorised person","Pedestrian phase at traffic signal junction","At scene","55.94632,-3.18532"
540712,,Serious,1,1,29/09/2012,Saturday,29,September,12,14,20,230,C,,"Single carriageway - 2 lanes",30,"'T' or staggered junction","Give way sign or markings",Unclassified,,"Daylight: street lights present","Fine (without high winds)",Dry,None,None,"No overtaking",326290,673740,521163,Junction,Pedestrian,357636,unset,EH88BJ,"No crossing facility within 50m or physical crossing facility not controlled by authorised person","No physical crossing facility within 50m","At scene","55.95102,-3.18194"
541712,,Slight,2,1,30/09/2012,Sunday,30,September,12,8,20,230,A,901,"Single carriageway - 2 lanes",30,Crossroads,"Automatic Traffic Signal",Unclassified,,"Daylight: no street lighting","Raining (without high winds)",Dry,None,None,"No overtaking",326420,676770,531316,Junction,T.V.N.P.,357637,unset,EH66NW,"No crossing facility within 50m or physical crossing facility not controlled by authorised person","Pedestrian phase at traffic signal junction",Elsewhere,"55.97825,-3.18069"
541812,,Serious,1,1,28/09/2012,Friday,28,September,12,15,40,230,A,900,"Single carriageway - 2 lanes",30,"'T' or staggered junction","Give way sign or markings",A,900,"Daylight: street lights present","Fine (without high winds)",Dry,None,None,"No overtaking",326480,675010,523233,Junction,Bus,357638,unset,EH75HN,"No crossing facility within 50m or physical crossing facility not controlled by authorised person","No physical crossing facility within 50m",Elsewhere,"55.96246,-3.17925"
541912,,Slight,3,1,29/09/2012,Saturday,29,September,12,13,4,230,C,,"Single carriageway - 2 lanes",30,"'T' or staggered junction","Give way sign or markings",Unknown,,"Daylight: street lights present","Fine (without high winds)",Dry,None,None,"No overtaking",323970,672210,533398,Junction,Pedestrian,357639,unset,EH111LA,"No crossing facility within 50m or physical crossing facility not controlled by authorised person","No physical crossing facility within 50m","\3","55.93692,-3.21865"
542012,,Slight,2,1,29/09/2012,Saturday,29,September,12,17,20,230,Unclassified,,"Dual carriageway - 2 lanes",30,Crossroads,"Automatic Traffic Signal",Unclassified,,"Daylight: street lights present","Fine (without high winds)",Dry,None,None,"No overtaking",324630,673400,10254956,Junction,Bus,357640,unset,EH12DA,"No crossing facility within 50m or physical crossing facility not controlled by authorised person","Central refuge - no other controls",Elsewhere,"55.94771,-3.20842"
542712,,Slight,2,1,27/09/2012,Thursday,27,September,12,9,55,230,A,701,"Single carriageway - 2 lanes",30,Crossroads,"Give way sign or markings",Unclassified,,"Daylight: no street lighting","Fine (without high winds)",Dry,None,None,"No overtaking",326790,671710,529474,Junction,Cyclist,357641,unset,EH92BU,"No crossing facility within 50m or physical crossing facility not controlled by authorised person","Central refuge - no other controls","At scene","55.93286,-3.17339"
544112,,Slight,1,1,01/10/2012,Monday,1,October,12,16,35,230,Unclassified,,"Single carriageway - 2 lanes",30,Crossroads,"Automatic Traffic Signal",Unclassified,,"Daylight: street lights present",Other,Dry,None,None,"No overtaking",312580,674550,517318,Junction,Pedestrian,366001,unset,EH299AD,"No crossing facility within 50m or physical crossing facility not controlled by authorised person","Pedestrian phase at traffic signal junction","At scene","55.95599,-3.40168"
544412,,Slight,2,1,01/10/2012,Monday,1,October,12,17,29,230,Unclassified,,"Single carriageway - 2 lanes",30,"'T' or staggered junction","Automatic Traffic Signal",Unclassified,,"Daylight: no street lighting","Fine (without high winds)",Dry,None,None,"No overtaking",322540,676000,0,Unset,T.V.N.P.,366002,unset,EH44BR,"No crossing facility within 50m or physical crossing facility not controlled by authorised person","No physical crossing facility within 50m","At scene","55.97073,-3.24263"
544512,,Slight,1,1,01/10/2012,Monday,1,October,12,22,36,230,Unclassified,,"Single carriageway - 2 lanes",30,"Not at or within 20 metres of junction",unset,"\",,"Daylight: no street lighting","Raining (without high winds)",Dry,None,None,"No overtaking",326250,675030,12239586,Segment,Pedestrian,366003,unset,EH74LY,"No crossing facility within 50m or physical crossing facility not controlled by authorised person","No physical crossing facility within 50m","At scene","55.9626,-3.18294"
544612,,Slight,1,1,01/10/2012,Monday,1,October,12,16,15,230,Unclassified,,"Single carriageway - 2 lanes",30,"Not at or within 20 metres of junction",unset,"\",,"Daylight: no street lighting","Fine (without high winds)",Dry,None,None,"No overtaking",323430,668960,564908,Segment,Bus,366004,unset,EH139JA,"Control by other authorised person","Pedestrian phase at traffic signal junction",Elsewhere,"55.90763,-3.22637"
544712,,Slight,1,1,28/09/2012,Friday,28,September,12,10,19,230,A,8,"Single carriageway - 2 lanes",20,"'T' or staggered junction","Give way sign or markings",Unclassified,,"Daylight: no street lighting","Fine (without high winds)",Dry,None,None,"No overtaking",322040,673140,521244,Junction,Pedestrian,357642,unset,EH126HS,"Control by other authorised person","Pedestrian phase at traffic signal junction","At scene","55.94496,-3.24981"
544912,,Serious,2,1,01/10/2012,Monday,1,October,12,8,19,230,B,701,"Single carriageway - 2 lanes",20,"'T' or staggered junction","Automatic Traffic Signal",Unclassified,,"Daylight: no street lighting","Fine (without high winds)",Dry,None,None,"No overtaking",321630,669000,532924,Junction,Cyclist,366005,unset,EH130LE,"Control by other authorised person","Pedestrian phase at traffic signal junction","At scene","55.9077,-3.25516"
545912,,Slight,2,1,02/10/2012,Tuesday,2,October,12,8,26,230,Unclassified,,"Single carriageway - 2 lanes",30,"Not at or within 20 metres of junction",unset,"\",,"Daylight: no street lighting","Fine (without high winds)",Dry,None,None,"No overtaking",319870,671260,551797,Segment,T.V.N.P.,366006,unset,EH113UP,"Control by other authorised person","Pedestrian phase at traffic signal junction","At scene","55.92771,-3.28398"
546612,,Slight,2,2,02/10/2012,Tuesday,2,October,12,12,0,230,C,,"Single carriageway - 2 lanes",30,"'T' or staggered junction","Give way sign or markings",Unclassified,,"Daylight: street lights present","Raining (without high winds)",Dry,None,None,"No overtaking",325970,673660,521166,Junction,T.V.N.P.,366007,unset,EH11SB,"No crossing facility within 50m or physical crossing facility not controlled by authorised person","Pelican, puffin, toucan or similar non-junction pedestrian light crossing","At scene","55.95025,-3.18705"
548412,,Slight,1,1,30/09/2012,Sunday,30,September,12,10,40,230,A,70,"Single carriageway - 2 lanes",30,"'T' or staggered junction","Give way sign or markings",Unclassified,,"Daylight: street lights present","Raining with high winds",Dry,None,None,"No overtaking",323730,672750,521793,Junction,Bus,357643,unset,EH112EF,"No crossing facility within 50m or physical crossing facility not controlled by authorised person","No physical crossing facility within 50m",Elsewhere,"55.94173,-3.22264"
548812,,Slight,2,1,03/10/2012,Wednesday,3,October,12,11,0,230,Unclassified,,"Single carriageway - 2 lanes",30,Crossroads,"Give way sign or markings",Unclassified,,"Daylight: no street lighting","Fine (without high winds)",Dry,None,None,"No overtaking",324520,670700,529816,Junction,T.V.N.P.,366008,unset,EH106AF,"No crossing facility within 50m or physical crossing facility not controlled by authorised person","No physical crossing facility within 50m","At scene","55.92344,-3.20942"
549012,,Slight,2,1,03/10/2012,Wednesday,3,October,12,12,35,230,Unclassified,,"Single carriageway - 2 lanes",30,"'T' or staggered junction","Give way sign or markings",Unclassified,,"Daylight: street lights present","Fine (without high winds)",Dry,None,None,"No overtaking",320820,675440,519762,Junction,Pedestrian,366009,unset,EH45AT,"No crossing facility within 50m or physical crossing facility not controlled by authorised person","No physical crossing facility within 50m",Elsewhere,"55.96541,-3.27002"
549812,,Slight,2,1,03/10/2012,Wednesday,3,October,12,17,26,230,Motorway,8,"Dual carriageway - 2 lanes",70,"Not at or within 20 metres of junction",unset,"\",,"Daylight: no street lighting","Fine (without high winds)",Dry,None,None,"No overtaking",315430,671510,6452114,Segment,T.V.N.P.,366010,unset,EH288NW,"No crossing facility within 50m or physical crossing facility not controlled by authorised person","No physical crossing facility within 50m","At scene","55.9292,-3.35509"
550012,,Slight,2,1,03/10/2012,Wednesday,3,October,12,16,35,230,C,,"Single carriageway - 2 lanes",30,Crossroads,"Automatic Traffic Signal",Unclassified,,"Daylight: street lights present","Fine (without high winds)",Dry,None,None,"No overtaking",326650,671360,531451,Junction,Cyclist,366011,unset,EH93AE,"Control by other authorised person","Pedestrian phase at traffic signal junction",Elsewhere,"55.9297,-3.17553"
550312,,Serious,1,1,03/10/2012,Wednesday,3,October,12,22,15,230,A,701,"Single carriageway - 2 lanes",30,Crossroads,"Give way sign or markings",Unclassified,,"Daylight: no street lighting","Fine (without high winds)",Dry,None,None,"No overtaking",326930,671470,531457,Junction,Pedestrian,366012,unset,EH165PG,"No crossing facility within 50m or physical crossing facility not controlled by authorised person","Pedestrian phase at traffic signal junction","At scene","55.93073,-3.17108"
550412,,Slight,1,1,03/10/2012,Wednesday,3,October,12,22,0,230,Unclassified,,"Single carriageway - 2 lanes",30,"'T' or staggered junction","Give way sign or markings",Unclassified,,"Daylight: no street lighting","Fine (without high winds)",Dry,None,None,"No overtaking",319210,670740,0,Unset,Pedestrian,366013,unset,EH114HD,"Control by other authorised person","Pedestrian phase at traffic signal junction",Elsewhere,"55.92293,-3.29439"
551412,,Slight,2,2,04/10/2012,Thursday,4,October,12,9,27,230,A,720,"Dual carriageway - 2 lanes",60,"Not at or within 20 metres of junction",unset,"\",,"Daylight: no street lighting","Fine (without high winds)",Dry,None,None,"No overtaking",325620,667250,2588155,Segment,T.V.N.P.,366014,unset,EH107DR,"No crossing facility within 50m or physical crossing facility not controlled by authorised person","No physical crossing facility within 50m","At scene","55.89261,-3.19088"
553212,,Slight,2,1,20/09/2012,Thursday,20,September,12,17,30,230,Unclassified,,"Single carriageway - 2 lanes",30,"'T' or staggered junction","Give way sign or markings",Unclassified,,"Daylight: street lights present","Raining (without high winds)",Dry,None,None,"No overtaking",326940,672190,522069,Junction,T.V.N.P.,357644,unset,EH165AE,"No crossing facility within 50m or physical crossing facility not controlled by authorised person","No physical crossing facility within 50m","At scene","55.9372,-3.17112"
553312,,Slight,2,1,04/10/2012,Thursday,4,October,12,8,25,230,A,71,"Single carriageway - 2 lanes",30,Crossroads,"Automatic Traffic Signal",Unclassified,,"Daylight: street lights present","Fine (without high winds)",Dry,None,None,"No overtaking",322690,672200,521970,Junction,T.V.N.P.,366015,unset,EH112QU,"No crossing facility within 50m or physical crossing facility not controlled by authorised person","Pedestrian phase at traffic signal junction","At scene","55.93662,-3.23913"
554012,,Slight,2,2,05/10/2012,Friday,5,October,12,13,10,230,A,702,"Single carriageway - 2 lanes",30,Crossroads,"Automatic Traffic Signal",C,,"Daylight: street lights present","Fine (without high winds)",Dry,None,None,"No overtaking",324810,673190,521406,Junction,T.V.N.P.,366016,unset,EH39AN,"No crossing facility within 50m or physical crossing facility not controlled by authorised person","Pedestrian phase at traffic signal junction","At scene","55.94585,-3.20548"
554212,,Serious,1,1,05/10/2012,Friday,5,October,12,6,40,230,Unclassified,,"Single carriageway - 2 lanes",30,"Not at or within 20 metres of junction",unset,"\",,"Darkness: street lighting unknown","Fine (without high winds)",Dry,None,None,"No overtaking",323930,673710,0,Unset,S.V.N.P.,366017,unset,EH37SG,"No crossing facility within 50m or physical crossing facility not controlled by authorised person","No physical crossing facility within 50m","At scene","55.95038,-3.21971"
554512,,Slight,2,1,04/10/2012,Thursday,4,October,12,8,40,230,A,90,"Single carriageway - 2 lanes",40,"'T' or staggered junction","Give way sign or markings",Unclassified,,"Daylight: street lights present","Fine (without high winds)",Dry,None,None,"No overtaking",319390,674960,519978,Junction,T.V.N.P.,366018,unset,EH46ER,"No crossing facility within 50m or physical crossing facility not controlled by authorised person","No physical crossing facility within 50m",Elsewhere,"55.96086,-3.29277"
555212,,Slight,2,1,06/10/2012,Saturday,6,October,12,7,20,230,A,90,"Single carriageway - 2 lanes",40,"Not at or within 20 metres of junction",unset,"\",,"Daylight: street lights present","Fine (without high winds)",Dry,None,None,"No overtaking",318470,674980,555447,Segment,T.V.N.P.,366019,unset,EH46AT,"No crossing facility within 50m or physical crossing facility not controlled by authorised person","No physical crossing facility within 50m","At scene","55.96089,-3.30751"
557012,,Slight,2,1,07/10/2012,Sunday,7,October,12,11,24,230,A,901,Roundabout,30,Roundabout,"Give way sign or markings",Unclassified,,"Daylight: street lights present","Fine (without high winds)",Dry,None,None,"No overtaking",323710,677130,518896,Junction,Cyclist,366020,unset,EH51HE,"No crossing facility within 50m or physical crossing facility not controlled by authorised person","No physical crossing facility within 50m","At scene","55.98106,-3.2242"
559412,,Slight,2,1,08/10/2012,Monday,8,October,12,17,10,230,Unclassified,,"Single carriageway - 2 lanes",30,"'T' or staggered junction","Give way sign or markings",Unclassified,,"Daylight: street lights present","Fine (without high winds)",Dry,None,None,"No overtaking",326890,672650,4224887,Junction,Cyclist,366021,unset,EH165XN,"No crossing facility within 50m or physical crossing facility not controlled by authorised person","No physical crossing facility within 50m",Elsewhere,"55.94132,-3.17204"
559912,,Slight,1,1,08/10/2012,Monday,8,October,12,21,47,230,B,701,"Single carriageway - 2 lanes",30,"Not at or within 20 metres of junction",unset,"\",,"Daylight: no street lighting","Fine (without high winds)",Dry,None,None,"No overtaking",328700,668450,2105930,Segment,Pedestrian,366022,unset,EH178NX,"Control by other authorised person","Pelican, puffin, toucan or similar non-junction pedestrian light crossing","At scene","55.90386,-3.14196"
560112,,Slight,3,1,08/10/2012,Monday,8,October,12,22,41,230,C,,"Single carriageway - 2 lanes",30,"Slip road","Automatic Traffic Signal",A,701,"Daylight: no street lighting","Fine (without high winds)",Dry,None,None,"No overtaking",327150,670230,530089,Junction,M.V.N.P.,366023,unset,EH166AQ,"Control by other authorised person","Pedestrian phase at traffic signal junction","At scene","55.91962,-3.16723"
560312,,Slight,1,1,11/09/2012,Tuesday,11,September,12,19,3,230,Unclassified,,"Single carriageway - 2 lanes",20,"'T' or staggered junction","Automatic Traffic Signal",Unclassified,,"Daylight: no street lighting","Fine (without high winds)",Dry,None,None,"No overtaking",319940,671840,0,Unset,S.V.N.P.,357645,unset,EH129AL,"Control by other authorised person","Pedestrian phase at traffic signal junction","At scene","55.93294,-3.28303"
561912,,Slight,2,2,09/10/2012,Tuesday,9,October,12,14,7,230,Unclassified,,"Single carriageway - 2 lanes",30,"Not at or within 20 metres of junction",unset,"\",,"Daylight: no street lighting","Fine (without high winds)",Dry,None,None,"No overtaking",319640,671870,522126,Junction,T.V.N.P.,366024,unset,EH129AD,"No crossing facility within 50m or physical crossing facility not controlled by authorised person","No physical crossing facility within 50m","At scene","55.93316,-3.28784"
562012,,Slight,1,1,28/09/2012,Friday,28,September,12,9,40,230,Unclassified,,"Single carriageway - 2 lanes",30,"Other junction","Give way sign or markings",Unclassified,,"Daylight: street lights present","Fine (without high winds)",Dry,None,None,"No overtaking",326750,675490,519888,Junction,Bus,357646,unset,EH65EQ,"Control by other authorised person","No physical crossing facility within 50m","At scene","55.96681,-3.17505"
562312,,Slight,1,1,09/10/2012,Tuesday,9,October,12,13,5,230,Unclassified,,"Single carriageway - 2 lanes",30,"Not at or within 20 metres of junction",unset,"\",,"Daylight: no street lighting","Fine (without high winds)",Dry,None,None,"No overtaking",322530,670250,554747,Segment,Pedestrian,366025,unset,EH141DL,"No crossing facility within 50m or physical crossing facility not controlled by authorised person","No physical crossing facility within 50m","At scene","55.91908,-3.24114"
562812,,Slight,2,1,09/10/2012,Tuesday,9,October,12,7,50,230,C,,"Single carriageway - 2 lanes",30,"Other junction","Automatic Traffic Signal",C,,"Daylight: street lights present","Fine (without high winds)",Dry,None,None,"No overtaking",327580,669550,530152,Junction,Cyclist,366026,unset,EH166JA,"No crossing facility within 50m or physical crossing facility not controlled by authorised person","No physical crossing facility within 50m",Elsewhere,"55.91357,-3.16016"
563112,,Slight,2,2,09/10/2012,Tuesday,9,October,12,17,15,230,Unclassified,,"Single carriageway - 2 lanes",60,"'T' or staggered junction","Give way sign or markings",Unclassified,,"Daylight: street lights present","Fine (without high winds)",Dry,None,None,"No overtaking",317110,668860,12230237,Junction,T.V.N.P.,366027,unset,EH144AB,"No crossing facility within 50m or physical crossing facility not controlled by authorised person","No physical crossing facility within 50m","At scene","55.90569,-3.32741"
563312,,Slight,2,1,06/10/2012,Saturday,6,October,12,21,26,230,A,1,"Single carriageway - 2 lanes",30,Crossroads,"Automatic Traffic Signal",C,,"Darkness: street lights present and lit","Fine (without high winds)",Dry,None,None,"No overtaking",326900,674320,520689,Junction,T.V.N.P.,366028,unset,EH75AN,"No crossing facility within 50m or physical crossing facility not controlled by authorised person","Pelican, puffin, toucan or similar non-junction pedestrian light crossing","At scene","55.95633,-3.17233"
563512,,Slight,1,1,09/10/2012,Tuesday,9,October,12,19,0,230,Unclassified,,"Single carriageway - 2 lanes",30,"Not at or within 20 metres of junction",unset,"\",,"Darkness: street lights present and lit","Fine (without high winds)",Dry,None,None,"No overtaking",324550,671530,549384,Segment,S.V.N.P.,366029,unset,EH104AZ,"No crossing facility within 50m or physical crossing facility not controlled by authorised person","No physical crossing facility within 50m","At scene","55.9309,-3.20918"
563812,,Slight,1,1,09/10/2012,Tuesday,9,October,12,20,5,230,Unclassified,,"Single carriageway - 2 lanes",30,"Not at or within 20 metres of junction",unset,"\",,"Darkness: street lights present but unlit","Fine (without high winds)",Dry,None,None,"No overtaking",323880,675890,2580740,Segment,Pedestrian,366030,unset,EH52DW,"No crossing facility within 50m or physical crossing facility not controlled by authorised person","Central refuge - no other controls","At scene","55.96995,-3.22113"
565012,,Slight,2,1,09/10/2012,Tuesday,9,October,12,9,5,230,A,901,"Single carriageway - 2 lanes",30,"Not at or within 20 metres of junction",unset,"\",,"Daylight: street lights present","Fine (without high winds)",Dry,None,None,"No overtaking",326360,676790,558749,Segment,Cyclist,366031,unset,EH66PD,"No crossing facility within 50m or physical crossing facility not controlled by authorised person","Pedestrian phase at traffic signal junction",Elsewhere,"55.97842,-3.18166"
565312,,Slight,2,2,09/10/2012,Tuesday,9,October,12,22,25,230,Unclassified,,"Single carriageway - 2 lanes",30,"'T' or staggered junction","Give way sign or markings",Unclassified,,"Darkness: street lights present but unlit","Fine (without high winds)",Dry,None,None,"No overtaking",325700,673320,521541,Junction,T.V.N.P.,366032,unset,EH11HU,"No crossing facility within 50m or physical crossing facility not controlled by authorised person","Zebra crossing","At scene","55.94716,-3.19127"
565712,,Slight,2,1,10/10/2012,Wednesday,10,October,12,21,0,230,A,71,"Single carriageway - 2 lanes",30,Crossroads,"Automatic Traffic Signal",Unclassified,,"Darkness: street lights present and lit","Fine (without high winds)",Dry,None,None,"No overtaking",322290,671860,522219,Junction,Cyclist,366033,unset,EH112RT,"No crossing facility within 50m or physical crossing facility not controlled by authorised person","Pedestrian phase at traffic signal junction","At scene","55.9335,-3.24544"
566612,,Serious,1,1,11/10/2012,Thursday,11,October,12,13,30,230,A,901,"Single carriageway - 2 lanes",30,"Not at or within 20 metres of junction",unset,"\",,"Daylight: street lights present","Fine (without high winds)",Dry,None,None,"No overtaking",326890,675970,558734,Segment,Pedestrian,366034,unset,EH65HX,"No crossing facility within 50m or physical crossing facility not controlled by authorised person","No physical crossing facility within 50m","At scene","55.97115,-3.17294"
567412,,Slight,2,2,11/10/2012,Thursday,11,October,12,19,45,230,Unclassified,,"Single carriageway - 2 lanes",30,"'T' or staggered junction","Give way sign or markings",Unclassified,,"Darkness: street lights present and lit","Raining (without high winds)",Dry,None,None,"No overtaking",324960,673370,521418,Junction,T.V.N.P.,366035,unset,EH12EL,"No crossing facility within 50m or physical crossing facility not controlled by authorised person","No physical crossing facility within 50m","At scene","55.94749,-3.20313"
567712,,Slight,5,1,12/10/2012,Friday,12,October,12,4,45,230,Unclassified,,"Single carriageway - 2 lanes",30,Crossroads,"Give way sign or markings",Unclassified,,"Darkness: street lights present and lit","Raining (without high winds)",Dry,None,None,"No overtaking",324220,673710,10258599,Junction,M.V.N.P.,366036,unset,EH37HR,"No crossing facility within 50m or physical crossing facility not controlled by authorised person","No physical crossing facility within 50m","At scene","55.95043,-3.21507"
567912,,Slight,2,1,12/10/2012,Friday,12,October,12,8,7,230,C,,"Single carriageway - 2 lanes",30,Crossroads,"Give way sign or markings",Unclassified,,"Darkness: no street lighting","Raining (without high winds)",Dry,None,None,"No overtaking",322960,669220,532942,Junction,Cyclist,366037,unset,EH139AW,"No crossing facility within 50m or physical crossing facility not controlled by authorised person","Pelican, puffin, toucan or similar non-junction pedestrian light crossing","At scene","55.90989,-3.23396"
568612,,Slight,1,1,12/10/2012,Friday,12,October,12,8,15,230,C,,"Single carriageway - 2 lanes",30,"'T' or staggered junction","Give way sign or markings",Unclassified,,"Daylight: no street lighting","Raining (without high winds)",Dry,None,None,"No overtaking",325590,676790,10310015,Junction,Pedestrian,366038,unset,EH64SE,"No crossing facility within 50m or physical crossing facility not controlled by authorised person","No physical crossing facility within 50m",Elsewhere,"55.9783,-3.19399"
569112,,Serious,1,1,13/10/2012,Saturday,13,October,12,1,20,230,C,,"Single carriageway - 2 lanes",40,"Not at or within 20 metres of junction",unset,"\",,"Darkness: street lights present and lit","Fine (without high winds)",Dry,None,None,"No overtaking",328540,668050,562981,Segment,Pedestrian,366039,unset,EH178SE,"No crossing facility within 50m or physical crossing facility not controlled by authorised person","No physical crossing facility within 50m","At scene","55.90024,-3.14441"
569312,,Slight,2,1,02/10/2012,Tuesday,2,October,12,13,5,230,C,,"Single carriageway - 2 lanes",30,Roundabout,"Give way sign or markings",A,900,"Daylight: street lights present","Raining (without high winds)",Dry,None,None,"No overtaking",326160,674520,520248,Junction,T.V.N.P.,366040,unset,EH74AA,"No crossing facility within 50m or physical crossing facility not controlled by authorised person","Pedestrian phase at traffic signal junction","At scene","55.95801,-3.18424"
570412,,Serious,1,1,12/10/2012,Friday,12,October,12,20,40,230,Unclassified,,"Single carriageway - 2 lanes",30,"Other junction","Give way sign or markings",Unclassified,,"Darkness: street lights present and lit","Fine (without high winds)",Dry,None,None,"No overtaking",324530,671220,530419,Junction,Pedestrian,366041,unset,EH104QT,"No crossing facility within 50m or physical crossing facility not controlled by authorised person","Pedestrian phase at traffic signal junction","At scene","55.92811,-3.20941"
570912,,Slight,2,2,13/10/2012,Saturday,13,October,12,17,17,230,Unclassified,,"Single carriageway - 2 lanes",30,Mini-roundabout,"Give way sign or markings",Unclassified,,"Daylight: street lights present","Fine (without high winds)",Dry,None,None,"No overtaking",323310,676530,522858,Junction,T.V.N.P.,366042,unset,EH52HQ,"No crossing facility within 50m or physical crossing facility not controlled by authorised person","No physical crossing facility within 50m","At scene","55.97561,-3.23044"