acc_ref,beat_no,severity,no_vehicle,no_casualt,a_date,a_day,a_date_day,a_date_mon,a_date_yr,a_time_hr,a_time_min,loc_auth,road1_class,road1_no,road_type,speed_limi,junc_det,junc_ctrl,road2_class,road2_no,light_cond,weather,road_surf,spec_cond,cway_hzrds,ovrtk_patrn,easting,northing,net_id,net_type,acc_type,text_id,division,Postcode,ped_xing_hc,ped_xing_p,place_reported,Location
606812,,Slight,2,1,30/10/2012,Tuesday,30,October,12,16,50,230,Unclassified,,"Single carriageway - 2 lanes",30,"Other junction","Automatic Traffic Signal",A,903,"Darkness: street lights present and lit","Raining (without high winds)",Dry,None,None,"No overtaking",324320,675970,519415,Junction,T.V.N.P.,366105,unset,EH35PR,"No crossing facility within 50m or physical crossing facility not controlled by authorised person","Pedestrian phase at traffic signal junction","At scene","55.97074,-3.2141"
606912,,Serious,2,3,29/10/2012,Monday,29,October,12,15,50,230,A,8,"Single carriageway - 2 lanes",30,"'T' or staggered junction","Give way sign or markings",Unclassified,,"Daylight: street lights present","Fine (without high winds)",Dry,None,None,"No overtaking",322420,673180,521250,Junction,Bus,366106,unset,EH126HP,"No crossing facility within 50m or physical crossing facility not controlled by authorised person","Pelican, puffin, toucan or similar non-junction pedestrian light crossing","At scene","55.94538,-3.24374"
607112,,Slight,1,1,26/10/2012,Friday,26,October,12,15,14,230,A,8,"Single carriageway - 2 lanes",30,Crossroads,"Automatic Traffic Signal",C,,"Daylight: street lights present","Fine (without high winds)",Dry,None,None,"No overtaking",325360,673860,521043,Junction,Pedestrian,366107,unset,EH22EL,"No crossing facility within 50m or physical crossing facility not controlled by authorised person","Pedestrian phase at traffic signal junction","At scene","55.95196,-3.19686"
607612,,Slight,2,1,31/10/2012,Wednesday,31,October,12,11,25,230,A,71,"Single carriageway - 2 lanes",40,Roundabout,"Give way sign or markings",C,,"Daylight: street lights present","Raining (without high winds)",Dry,None,None,"No overtaking",317990,670210,2307101,Junction,T.V.N.P.,366108,unset,EH144AW,"No crossing facility within 50m or physical crossing facility not controlled by authorised person","No physical crossing facility within 50m","At scene","55.91797,-3.31374"
609012,,Slight,1,2,01/11/2012,Thursday,1,November,12,0,15,230,A,7,"Single carriageway - 2 lanes",30,Crossroads,"Automatic Traffic Signal",C,,"Darkness: street lights present and lit","Fine (without high winds)",Dry,None,None,"No overtaking",325940,673640,521103,Junction,Pedestrian,363221,unset,EH11RU,"No crossing facility within 50m or physical crossing facility not controlled by authorised person","Pedestrian phase at traffic signal junction","At scene","55.95007,-3.18752"
609812,,Slight,2,1,03/10/2012,Wednesday,3,October,12,12,30,230,Unclassified,,"Single carriageway - 2 lanes",30,Crossroads,"Give way sign or markings",Unclassified,,"Daylight: street lights present","Fine (without high winds)",Dry,None,None,"No overtaking",324540,671120,530413,Junction,Bus,366109,unset,EH104RD,"Control by other authorised person","Pedestrian phase at traffic signal junction","At scene","55.92721,-3.20922"
609912,,Slight,1,1,01/11/2012,Thursday,1,November,12,9,30,230,Unclassified,,"One way Street",30,"Multiple junction","Give way sign or markings",A,702,"Daylight: no street lighting","Fine (without high winds)",Dry,None,None,"No overtaking",324700,673640,520947,Junction,Pedestrian,363222,unset,EH12DA,"No crossing facility within 50m or physical crossing facility not controlled by authorised person","No physical crossing facility within 50m",Elsewhere,"55.94988,-3.20736"
610212,,Slight,2,1,01/11/2012,Thursday,1,November,12,12,55,230,C,,"Single carriageway - 2 lanes",30,Crossroads,"Automatic Traffic Signal",C,,"Daylight: street lights present","Fine (without high winds)",Dry,None,None,"No overtaking",325110,674140,520548,Junction,Cyclist,363223,unset,EH21JX,"No crossing facility within 50m or physical crossing facility not controlled by authorised person","Pedestrian phase at traffic signal junction","At scene","55.95443,-3.20094"
610412,,Slight,1,1,01/11/2012,Thursday,1,November,12,13,40,230,Unclassified,,"Single carriageway - 2 lanes",30,"'T' or staggered junction","Give way sign or markings",Unclassified,,"Daylight: street lights present","Fine (without high winds)",Dry,None,None,"No overtaking",325530,670980,529849,Junction,Pedestrian,363224,unset,EH106BP,"No crossing facility within 50m or physical crossing facility not controlled by authorised person","No physical crossing facility within 50m",Elsewhere,"55.92611,-3.19334"
611312,,Slight,2,1,01/11/2012,Thursday,1,November,12,8,50,230,A,720,"Dual carriageway - 2 lanes",60,"Not at or within 20 metres of junction",unset,"\",,"Daylight: street lights present",Unknown,Dry,None,None,"No overtaking",325130,667460,2588221,Segment,T.V.N.P.,363225,unset,EH107DUA,"No crossing facility within 50m or physical crossing facility not controlled by authorised person","No physical crossing facility within 50m",Elsewhere,"55.89442,-3.19877"
613212,,Slight,1,1,02/11/2012,Friday,2,November,12,9,55,230,A,71,Roundabout,40,Roundabout,"Give way sign or markings",Unclassified,,"Daylight: street lights present","Fine (without high winds)",Dry,None,None,"No overtaking",320050,670810,529678,Junction,Bus,363226,unset,EH113TA,"No crossing facility within 50m or physical crossing facility not controlled by authorised person","No physical crossing facility within 50m","At scene","55.9237,-3.28097"
614112,,Slight,3,1,02/11/2012,Friday,2,November,12,17,21,230,Motorway,8,"Dual carriageway - 2 lanes",70,"Not at or within 20 metres of junction",unset,"\",,"Darkness: no street lighting","Fine (without high winds)",Dry,None,None,"No overtaking",315770,671210,6452114,Segment,M.V.N.P.,363227,unset,EH288NW,"No crossing facility within 50m or physical crossing facility not controlled by authorised person","No physical crossing facility within 50m","At scene","55.92657,-3.34956"
615212,,Slight,2,1,02/11/2012,Friday,2,November,12,23,2,230,A,90,"Single carriageway - 2 lanes",30,"'T' or staggered junction","Automatic Traffic Signal",A,8,"Darkness: street lights present and lit","Fine (without high winds)",Dry,None,None,"No overtaking",324800,673710,520932,Junction,Pedestrian,363228,unset,EH24AN,"No crossing facility within 50m or physical crossing facility not controlled by authorised person","Pedestrian phase at traffic signal junction","At scene","55.95052,-3.20578"
615412,,Slight,2,1,03/11/2012,Saturday,3,November,12,19,45,230,A,6106,"Single carriageway - 2 lanes",30,"Not at or within 20 metres of junction",unset,"\",,"Darkness: street lights present and lit","Fine (without high winds)",Dry,None,None,"No overtaking",330490,671810,569114,Segment,T.V.N.P.,363229,unset,EH153EJ,"No crossing facility within 50m or physical crossing facility not controlled by authorised person","Central refuge - no other controls","At scene","55.93431,-3.1142"
616112,,Slight,1,1,03/11/2012,Saturday,3,November,12,12,10,230,A,70,"Single carriageway - 2 lanes",30,"'T' or staggered junction","Give way sign or markings",Unclassified,,"Daylight: street lights present","Fine (without high winds)",Dry,None,None,"No overtaking",323790,672830,522471,Junction,Pedestrian,363230,unset,EH112EB,"No crossing facility within 50m or physical crossing facility not controlled by authorised person","Central refuge - no other controls","At scene","55.94246,-3.22171"
616212,,Slight,1,1,02/11/2012,Friday,2,November,12,16,6,230,A,8,"Single carriageway - 2 lanes",30,"'T' or staggered junction","Give way sign or markings",Unclassified,,"Daylight: street lights present","Fine (without high winds)",Dry,None,None,"No overtaking",323330,673200,521289,Junction,Bus,363231,unset,EH125JQ,"No crossing facility within 50m or physical crossing facility not controlled by authorised person","No physical crossing facility within 50m",Elsewhere,"55.94571,-3.22918"
616812,,Slight,1,1,03/11/2012,Saturday,3,November,12,19,0,230,B,900,"Single carriageway - 2 lanes",30,"Not at or within 20 metres of junction",unset,"\",,"Darkness: street lights present and lit","Fine (without high winds)",Dry,None,None,"No overtaking",323960,674720,554171,Segment,Pedestrian,363232,unset,EH41AW,"No crossing facility within 50m or physical crossing facility not controlled by authorised person","No physical crossing facility within 50m",Elsewhere,"55.95946,-3.21952"
618012,,Slight,1,1,04/11/2012,Sunday,4,November,12,18,40,230,A,8,"Dual carriageway - 2 lanes",40,"Not at or within 20 metres of junction",unset,"\",,"Darkness: street lights present and lit","Fine (without high winds)",Dry,None,None,"No overtaking",317940,672720,9659466,Segment,Pedestrian,363233,unset,EH128ND,"No crossing facility within 50m or physical crossing facility not controlled by authorised person","Pedestrian phase at traffic signal junction","At scene","55.94051,-3.31531"
618712,,Slight,2,1,05/11/2012,Monday,5,November,12,8,45,230,A,7,"Single carriageway - 2 lanes",30,"'T' or staggered junction","Give way sign or markings",Unclassified,,"Daylight: street lights present","Fine (without high winds)",Dry,None,None,"No overtaking",328980,670200,530122,Junction,Cyclist,363234,unset,EH177SB,"No crossing facility within 50m or physical crossing facility not controlled by authorised person","Pelican, puffin, toucan or similar non-junction pedestrian light crossing","At scene","55.91962,-3.13794"
619312,,Slight,2,1,04/11/2012,Sunday,4,November,12,20,30,230,Unclassified,,"Single carriageway - 2 lanes",30,Crossroads,"Give way sign or markings",Unclassified,,"Darkness: street lights present and lit","Fine (without high winds)",Dry,None,None,"No overtaking",323300,671790,522255,Junction,Cyclist,363235,unset,EH111RF,"No crossing facility within 50m or physical crossing facility not controlled by authorised person","Central refuge - no other controls",Elsewhere,"55.93304,-3.22925"
620312,,Serious,2,1,05/11/2012,Monday,5,November,12,18,13,230,Unclassified,,"Single carriageway - 2 lanes",30,Crossroads,"Give way sign or markings",Unclassified,,"Darkness: street lights present and lit","Fine (without high winds)",Dry,None,None,"No overtaking",325220,676130,519217,Junction,T.V.N.P.,363236,unset,EH74HP,"No crossing facility within 50m or physical crossing facility not controlled by authorised person","Pelican, puffin, toucan or similar non-junction pedestrian light crossing","At scene","55.97232,-3.19973"
622712,,Slight,1,1,06/11/2012,Tuesday,6,November,12,19,0,230,A,7,"Single carriageway - 2 lanes",30,"'T' or staggered junction","Automatic Traffic Signal",Unclassified,,"Darkness: street lights present and lit","Fine (without high winds)",Dry,None,None,"No overtaking",325850,674000,517891,Junction,Pedestrian,363237,unset,EH22EJ,"No crossing facility within 50m or physical crossing facility not controlled by authorised person","Pedestrian phase at traffic signal junction","At scene","55.95329,-3.18906"
622812,,Slight,2,1,06/11/2012,Tuesday,6,November,12,20,35,230,A,1,"Single carriageway - 2 lanes",30,Crossroads,"Automatic Traffic Signal",C,,"Darkness: street lights present and lit","Fine (without high winds)",Dry,None,None,"No overtaking",326900,674320,520689,Junction,T.V.N.P.,363238,unset,EH75AN,"No crossing facility within 50m or physical crossing facility not controlled by authorised person","Pedestrian phase at traffic signal junction","At scene","55.95633,-3.17233"
622912,,Serious,1,1,23/10/2012,Tuesday,23,October,12,18,15,230,A,8,"Dual carriageway - 2 lanes",30,"Not at or within 20 metres of junction",unset,"\",,"Darkness: street lights present but unlit","Fog (or mist if hazard)",Dry,None,"Other object in carriageway","No overtaking",325030,673760,550523,Segment,Cyclist,366110,unset,EH22HG,"No crossing facility within 50m or physical crossing facility not controlled by authorised person","No physical crossing facility within 50m",Elsewhere,"55.95101,-3.20211"
623612,,Slight,1,2,04/11/2012,Sunday,4,November,12,20,5,230,A,702,"Single carriageway - 2 lanes",30,"Not at or within 20 metres of junction",unset,"\",,"Darkness: street lights present and lit","Fine (without high winds)",Dry,None,None,"No overtaking",324790,673250,548964,Segment,Bus,363239,unset,EH39BE,"No crossing facility within 50m or physical crossing facility not controlled by authorised person","No physical crossing facility within 50m",Elsewhere,"55.94639,-3.20582"
623812,,Slight,2,5,07/11/2012,Wednesday,7,November,12,7,44,230,A,902,"Single carriageway - 2 lanes",30,"'T' or staggered junction","Automatic Traffic Signal",Unclassified,,"Daylight: street lights present","Fine (without high winds)",Dry,None,None,"No overtaking",322510,674970,520062,Junction,T.V.N.P.,363240,unset,EH42NG,"No crossing facility within 50m or physical crossing facility not controlled by authorised person","Pedestrian phase at traffic signal junction","At scene","55.96148,-3.24281"
624512,,Slight,1,1,07/11/2012,Wednesday,7,November,12,16,25,230,C,,"Single carriageway - 2 lanes",30,"Other junction","Give way sign or markings",Unclassified,,"Darkness: street lights present but unlit","Raining (without high winds)",Dry,None,None,"No overtaking",325300,673300,521484,Junction,Pedestrian,363241,unset,EH12HY,"No crossing facility within 50m or physical crossing facility not controlled by authorised person","Pedestrian phase at traffic signal junction","At scene","55.94692,-3.19766"
626012,,Slight,1,1,07/11/2012,Wednesday,7,November,12,16,32,230,Unclassified,,"Single carriageway - 2 lanes",30,"Not at or within 20 metres of junction",unset,"\",,"Daylight: no street lighting","Raining (without high winds)",Dry,None,None,"No overtaking",320960,675600,567279,Segment,Bus,363242,unset,EH45PW,"Control by other authorised person","Pedestrian phase at traffic signal junction",Elsewhere,"55.96687,-3.26782"
626312,,Slight,2,1,07/11/2012,Wednesday,7,November,12,8,45,230,Unclassified,,"Single carriageway - 2 lanes",30,"Not at or within 20 metres of junction",unset,"\",,"Daylight: no street lighting","Fine (without high winds)",Dry,None,None,"No overtaking",327630,675100,557491,Segment,Cyclist,363243,unset,EH76BX,"Control by other authorised person","Pedestrian phase at traffic signal junction","At scene","55.96344,-3.16085"
626412,,Slight,2,1,07/11/2012,Wednesday,7,November,12,21,0,230,A,71,"Dual carriageway - 2 lanes",40,Roundabout,"Give way sign or markings",Unclassified,,"Darkness: street lights present and lit","Raining with high winds",Dry,None,None,"No overtaking",320070,670860,529669,Junction,T.V.N.P.,363244,unset,EH113TA,"No crossing facility within 50m or physical crossing facility not controlled by authorised person","No physical crossing facility within 50m","At scene","55.92415,-3.28066"
627912,,Slight,3,1,08/11/2012,Thursday,8,November,12,17,15,230,Unclassified,,"Dual carriageway - 2 lanes",70,"Not at or within 20 metres of junction",unset,"\",,"Darkness: street lights present and lit","Fine (without high winds)",Dry,None,None,"No overtaking",315640,672340,550764,Segment,M.V.N.P.,363245,unset,EH288NL,"No crossing facility within 50m or physical crossing facility not controlled by authorised person","No physical crossing facility within 50m","At scene","55.93669,-3.35199"
628812,,Slight,2,1,08/11/2012,Thursday,8,November,12,11,5,230,Unclassified,,"Single carriageway - 2 lanes",30,"Other junction","Give way sign or markings",Unclassified,,"Daylight: no street lighting","Fine (without high winds)",Dry,None,None,"No overtaking",319590,671440,9659215,Junction,T.V.N.P.,363246,unset,EH113UP,"No crossing facility within 50m or physical crossing facility not controlled by authorised person","No physical crossing facility within 50m","At scene","55.92929,-3.28851"
629512,,Serious,2,1,09/11/2012,Friday,9,November,12,13,35,230,C,,"Single carriageway - 2 lanes",30,"Not at or within 20 metres of junction",unset,"\",,"Daylight: no street lighting","Fine (without high winds)",Dry,None,None,"No overtaking",326780,669450,553528,Segment,T.V.N.P.,363247,unset,EH166NS,"No crossing facility within 50m or physical crossing facility not controlled by authorised person","No physical crossing facility within 50m","At scene","55.91256,-3.17293"
630112,,Slight,2,1,06/11/2012,Tuesday,6,November,12,13,40,230,A,70,"Single carriageway - 2 lanes",30,"Multiple junction","Automatic Traffic Signal",Unclassified,,"Daylight: street lights present","Fine (without high winds)",Dry,None,None,"No overtaking",323510,672490,521994,Junction,Pedestrian,363248,unset,EH112EQ,"No crossing facility within 50m or physical crossing facility not controlled by authorised person","Pedestrian phase at traffic signal junction","At scene","55.93936,-3.22609"
630612,,Serious,2,1,09/11/2012,Friday,9,November,12,9,0,230,Unclassified,,"Single carriageway - 2 lanes",30,"'T' or staggered junction","Give way sign or markings",Unclassified,,"Daylight: street lights present","Fine (without high winds)",Dry,None,None,"No overtaking",319660,670850,0,Unset,Cyclist,363249,unset,EH114BW,"No crossing facility within 50m or physical crossing facility not controlled by authorised person","No physical crossing facility within 50m",Elsewhere,"55.924,-3.28722"
630812,,Serious,2,1,10/11/2012,Saturday,10,November,12,11,0,230,C,,"Single carriageway - 2 lanes",30,"'T' or staggered junction","Give way sign or markings",Unclassified,,"Daylight: street lights present","Fine (without high winds)",Dry,None,None,"No overtaking",323850,672530,521829,Junction,T.V.N.P.,363250,unset,EH111DL,"No crossing facility within 50m or physical crossing facility not controlled by authorised person","No physical crossing facility within 50m","At scene","55.93977,-3.22066"
631112,,Slight,2,1,10/11/2012,Saturday,10,November,12,15,0,230,A,702,"Single carriageway - 2 lanes",30,"Multiple junction","Automatic Traffic Signal",Unclassified,,"Daylight: street lights present","Raining (without high winds)",Dry,None,None,"No overtaking",324500,671930,522291,Junction,Bus,363251,unset,EH104DH,"No crossing facility within 50m or physical crossing facility not controlled by authorised person","Pedestrian phase at traffic signal junction","At scene","55.93448,-3.21009"
632512,,Serious,1,1,11/11/2012,Sunday,11,November,12,12,15,230,C,,"Single carriageway - 2 lanes",30,"Not at or within 20 metres of junction",unset,"\",,"Daylight: street lights present","Fine (without high winds)",Dry,None,None,"No overtaking",325260,673410,558203,Segment,S.V.N.P.,363252,unset,EH12NG,"No crossing facility within 50m or physical crossing facility not controlled by authorised person","No physical crossing facility within 50m","At scene","55.9479,-3.19833"
633612,,Slight,2,1,12/11/2012,Monday,12,November,12,8,20,230,Unclassified,,"Single carriageway - 2 lanes",40,"'T' or staggered junction","Give way sign or markings",A,6106,"Daylight: no street lighting","Raining (without high winds)",Dry,None,None,"No overtaking",330060,673780,529624,Junction,T.V.N.P.,363253,unset,EH151LU,"No crossing facility within 50m or physical crossing facility not controlled by authorised person","No physical crossing facility within 50m","At scene","55.95194,-3.12159"
633812,,Slight,2,1,12/11/2012,Monday,12,November,12,8,0,230,Unclassified,,"Single carriageway - 2 lanes",30,"Not at or within 20 metres of junction",unset,"\",,"Daylight: street lights present","Fine (without high winds)",Dry,None,None,"No overtaking",327770,674880,557947,Segment,T.V.N.P.,363254,unset,EH76DE,"No crossing facility within 50m or physical crossing facility not controlled by authorised person","No physical crossing facility within 50m","At scene","55.96149,-3.15855"
634012,,Slight,1,1,11/11/2012,Sunday,11,November,12,19,0,230,A,772,Roundabout,30,Roundabout,"Give way sign or markings",A,720,"Daylight: no street lighting","Fine (without high winds)",Dry,None,None,"No overtaking",330510,667940,4526870,Junction,S.V.N.P.,363255,unset,EH181AT,"No crossing facility within 50m or physical crossing facility not controlled by authorised person","No physical crossing facility within 50m","At scene","55.89954,-3.11288"
634812,,Slight,1,1,09/11/2012,Friday,9,November,12,0,40,230,Unclassified,,"Single carriageway - 2 lanes",30,"'T' or staggered junction","Give way sign or markings",Unclassified,,"Darkness: street lighting unknown","Fine (without high winds)",Dry,None,None,"No overtaking",325700,673310,521541,Junction,Pedestrian,363256,unset,EH11EY,"No crossing facility within 50m or physical crossing facility not controlled by authorised person","Pelican, puffin, toucan or similar non-junction pedestrian light crossing","At scene","55.94707,-3.19126"
635112,,Serious,2,1,13/11/2012,Tuesday,13,November,12,0,25,230,A,720,"Dual carriageway - 2 lanes",70,"Not at or within 20 metres of junction",unset,"\",,"Darkness: no street lighting","Fine (without high winds)",Dry,None,None,"No overtaking",322760,668060,570540,Segment,T.V.N.P.,363257,unset,EH139QP,"No crossing facility within 50m or physical crossing facility not controlled by authorised person","No physical crossing facility within 50m","At scene","55.89944,-3.23683"
635712,,Slight,1,1,13/11/2012,Tuesday,13,November,12,10,57,230,Unclassified,,"One way Street",30,"'T' or staggered junction","Give way sign or markings",Unclassified,,"Daylight: no street lighting","Fine (without high winds)",Dry,None,None,"No overtaking",325560,674000,520554,Junction,Pedestrian,363258,unset,EH22DF,"Control by other authorised person","Pedestrian phase at traffic signal junction","At scene","55.95324,-3.19369"
636312,,Serious,2,1,09/11/2012,Friday,9,November,12,17,35,230,A,900,"Single carriageway - 2 lanes",30,"Other junction","Automatic Traffic Signal",Unclassified,,"Darkness: street lights present and lit","Fine (without high winds)",Dry,None,None,"No overtaking",326390,674890,520266,Junction,Cyclist,363259,unset,EH75HW,"No crossing facility within 50m or physical crossing facility not controlled by authorised person","Pelican, puffin, toucan or similar non-junction pedestrian light crossing",Elsewhere,"55.96137,-3.18066"
636712,,Slight,1,1,13/11/2012,Tuesday,13,November,12,18,40,230,Unclassified,,"Single carriageway - 2 lanes",30,"Other junction","Give way sign or markings",Unclassified,,"Darkness: street lights present and lit","Fine (without high winds)",Dry,None,None,"No overtaking",320000,674120,0,Unset,Pedestrian,363260,unset,EH47EW,"No crossing facility within 50m or physical crossing facility not controlled by authorised person","No physical crossing facility within 50m",Elsewhere,"55.95343,-3.28275"
637112,,Slight,2,1,13/11/2012,Tuesday,13,November,12,17,25,230,A,720,"Dual carriageway - 2 lanes",70,"Not at or within 20 metres of junction",unset,"\",,"Darkness: no street lighting","Raining (without high winds)",Dry,None,None,"No overtaking",320350,668820,570540,Segment,T.V.N.P.,363261,unset,EH145BH,"No crossing facility within 50m or physical crossing facility not controlled by authorised person","No physical crossing facility within 50m","At scene","55.90587,-3.27558"
638312,,Slight,4,1,06/11/2012,Tuesday,6,November,12,7,20,230,A,720,"Dual carriageway - 2 lanes",60,"Not at or within 20 metres of junction",unset,"\",,"Daylight: no street lighting","Raining (without high winds)",Dry,None,None,"No overtaking",327820,666890,2579069,Segment,M.V.N.P.,338137,unset,EH178SD,"No crossing facility within 50m or physical crossing facility not controlled by authorised person","No physical crossing facility within 50m","At scene","55.88972,-3.15562"
638612,,Serious,1,1,14/11/2012,Wednesday,14,November,12,12,0,230,C,,"Dual carriageway - 2 lanes",30,"Not at or within 20 metres of junction",unset,"\",,"Daylight: street lights present","Raining (without high winds)",Dry,None,None,"No overtaking",326050,674410,558575,Segment,Pedestrian,363262,unset,EH13JT,"Control by other authorised person","Pedestrian phase at traffic signal junction","At scene","55.957,-3.18597"
639312,,Slight,2,1,07/11/2012,Wednesday,7,November,12,19,20,230,A,7,"Single carriageway - 2 lanes",30,"'T' or staggered junction","Automatic Traffic Signal",Unclassified,,"Darkness: street lights present and lit","Raining (without high winds)",Dry,None,None,"No overtaking",326000,673410,521589,Junction,Cyclist,363263,unset,EH89AA,"Control by other authorised person","Pelican, puffin, toucan or similar non-junction pedestrian light crossing",Elsewhere,"55.94801,-3.1865"
640112,,Serious,2,1,14/11/2012,Wednesday,14,November,12,19,4,230,C,,"Single carriageway - 2 lanes",30,Crossroads,"Give way sign or markings",Unclassified,,"Darkness: street lights present and lit","Fine (without high winds)",Dry,None,None,"No overtaking",327000,675000,519864,Junction,T.V.N.P.,363264,unset,EH75NA,"No crossing facility within 50m or physical crossing facility not controlled by authorised person","Pelican, puffin, toucan or similar non-junction pedestrian light crossing","At scene","55.96245,-3.17092"
640212,,Slight,2,1,13/11/2012,Tuesday,13,November,12,21,12,230,Unclassified,,"Single carriageway - 2 lanes",30,Crossroads,"Automatic Traffic Signal",Unclassified,,"Darkness: street lights present and lit","Raining (without high winds)",Dry,None,None,"No overtaking",326210,673540,521139,Junction,T.V.N.P.,363265,unset,EH89UE,"No crossing facility within 50m or physical crossing facility not controlled by authorised person","Pedestrian phase at traffic signal junction","At scene","55.94921,-3.18317"
641412,,Slight,1,1,15/11/2012,Thursday,15,November,12,15,15,230,Unclassified,,"Single carriageway - 2 lanes",30,"Not at or within 20 metres of junction",unset,"\",,"Daylight: street lights present","Fine (without high winds)",Dry,None,None,"No overtaking",323540,671630,554699,Segment,Pedestrian,363266,unset,EH111NJ,"No crossing facility within 50m or physical crossing facility not controlled by authorised person","No physical crossing facility within 50m","At scene","55.93164,-3.22537"
641812,,Slight,1,1,14/11/2012,Wednesday,14,November,12,1,30,230,C,,"Single carriageway - 2 lanes",50,"Not at or within 20 metres of junction",unset,"\",,"Darkness: street lights present and lit","Raining (without high winds)",Dry,None,None,"No overtaking",325110,670100,553483,Segment,S.V.N.P.,363267,unset,EH106JZ,"No crossing facility within 50m or physical crossing facility not controlled by authorised person","No physical crossing facility within 50m","At scene","55.91814,-3.19982"
642412,,Slight,1,1,14/11/2012,Wednesday,14,November,12,16,15,230,C,,"Single carriageway - 2 lanes",30,"Not at or within 20 metres of junction",unset,"\",,"Darkness: street lights present and lit","Raining (without high winds)",Dry,None,None,"No overtaking",325270,673070,567114,Segment,Bus,363268,unset,EH39HG,"No crossing facility within 50m or physical crossing facility not controlled by authorised person","No physical crossing facility within 50m",Elsewhere,"55.94484,-3.19808"
643112,,Slight,1,1,12/11/2012,Monday,12,November,12,7,45,230,Unclassified,,"Single carriageway - 2 lanes",30,"Other junction","Give way sign or markings",Unclassified,,"Daylight: street lights present","Raining (without high winds)",Dry,None,None,"No overtaking",326160,675110,12239669,Junction,Pedestrian,363269,unset,EH74LZ,"No crossing facility within 50m or physical crossing facility not controlled by authorised person","No physical crossing facility within 50m",Elsewhere,"55.96331,-3.1844"
643312,,Slight,2,1,15/11/2012,Thursday,15,November,12,16,20,230,Unclassified,,"Single carriageway - 2 lanes",30,Roundabout,"Give way sign or markings",Unclassified,,"Darkness: street lights present and lit",Other,Dry,None,None,"No overtaking",327420,674440,12191729,Junction,T.V.N.P.,363270,unset,EH75TU,"No crossing facility within 50m or physical crossing facility not controlled by authorised person","No physical crossing facility within 50m",Elsewhere,"55.95748,-3.16404"
643512,,Slight,1,4,16/11/2012,Friday,16,November,12,12,10,230,B,900,"Single carriageway - 2 lanes",30,"Other junction","Give way sign or markings",Unclassified,,"Daylight: street lights present","Fine (without high winds)",Dry,None,None,"No overtaking",325840,675370,519846,Junction,Bus,363271,unset,EH74LG,"Control by other authorised person","Pelican, puffin, toucan or similar non-junction pedestrian light crossing","At scene","55.9656,-3.1896"
645912,,Slight,1,1,17/11/2012,Saturday,17,November,12,13,0,230,Unclassified,,"Single carriageway - 2 lanes",30,"Not at or within 20 metres of junction",unset,"\",,"Daylight: street lights present","Fine (without high winds)",Dry,None,None,"No overtaking",322700,672620,559224,Segment,Pedestrian,363272,unset,EH112RB,"No crossing facility within 50m or physical crossing facility not controlled by authorised person","No physical crossing facility within 50m","At scene","55.9404,-3.23909"
646012,,Serious,1,1,17/11/2012,Saturday,17,November,12,17,35,230,Unclassified,,"Single carriageway - 2 lanes",30,Crossroads,"Automatic Traffic Signal",A,71,"Darkness: street lights present but unlit","Raining (without high winds)",Dry,None,None,"No overtaking",322830,672230,521964,Junction,Pedestrian,363273,unset,EH112PP,"No crossing facility within 50m or physical crossing facility not controlled by authorised person","Pedestrian phase at traffic signal junction","At scene","55.93691,-3.2369"
646112,,Slight,1,1,17/11/2012,Saturday,17,November,12,17,30,230,Unclassified,,"Single carriageway - 2 lanes",30,"'T' or staggered junction","Give way sign or markings",Unclassified,,"Darkness: street lights present and lit","Raining (without high winds)",Dry,None,None,"No overtaking",324540,671060,530410,Junction,Pedestrian,363274,unset,EH104RE,"No crossing facility within 50m or physical crossing facility not controlled by authorised person","No physical crossing facility within 50m","At scene","55.92667,-3.20921"
648712,,Slight,2,4,18/11/2012,Sunday,18,November,12,14,45,230,A,720,"Dual carriageway - 2 lanes",30,"Not at or within 20 metres of junction",unset,"\",,"Daylight: street lights present","Fine (without high winds)",Dry,None,None,"No overtaking",322690,668040,570552,Segment,T.V.N.P.,363275,unset,EH139QP,"No crossing facility within 50m or physical crossing facility not controlled by authorised person","No physical crossing facility within 50m",Elsewhere,"55.89925,-3.23794"
648812,,Slight,1,1,17/11/2012,Saturday,17,November,12,15,30,230,A,1,"Single carriageway - 2 lanes",40,Crossroads,"Automatic Traffic Signal",A,1,"Daylight: no street lighting","Fine (without high winds)",Dry,None,None,"No overtaking",328320,674150,523374,Junction,S.V.N.P.,363276,unset,EH87AA,"No crossing facility within 50m or physical crossing facility not controlled by authorised person","Pedestrian phase at traffic signal junction",Elsewhere,"55.95501,-3.14955"
650612,,Slight,1,1,19/11/2012,Monday,19,November,12,8,30,230,A,8,"One way Street",30,Crossroads,"Automatic Traffic Signal",B,700,"Daylight: no street lighting","Raining with high winds",Dry,None,None,"No overtaking",324260,673240,521352,Junction,Pedestrian,363277,unset,EH38DT,"No crossing facility within 50m or physical crossing facility not controlled by authorised person","Pedestrian phase at traffic signal junction","At scene","55.94621,-3.2143"