acc_ref,beat_no,severity,no_vehicle,no_casualt,a_date,a_day,a_date_day,a_date_mon,a_date_yr,a_time_hr,a_time_min,loc_auth,road1_class,road1_no,road_type,speed_limi,junc_det,junc_ctrl,road2_class,road2_no,light_cond,weather,road_surf,spec_cond,cway_hzrds,ovrtk_patrn,easting,northing,net_id,net_type,acc_type,text_id,division,Postcode,ped_xing_hc,ped_xing_p,place_reported,Location
694812,,Fatal,1,1,08/12/2012,Saturday,8,December,12,1,20,230,C,,"Single carriageway - 2 lanes",30,Crossroads,"Automatic Traffic Signal",Unclassified,,"Darkness: street lights present and lit","Fine (without high winds)",Dry,None,None,"No overtaking",325260,674330,520530,Junction,Pedestrian,363523,unset,EH36QG,"No crossing facility within 50m or physical crossing facility not controlled by authorised person","Pedestrian phase at traffic signal junction","At scene","55.95616,-3.19859"
694912,,Serious,1,1,08/12/2012,Saturday,8,December,12,20,0,230,Unclassified,,"Single carriageway - 2 lanes",30,"Other junction","Give way sign or markings",C,,"Darkness: street lights present and lit","Raining (without high winds)",Dry,None,None,"No overtaking",326280,675570,519445,Junction,Pedestrian,363524,unset,EH65BB,"No crossing facility within 50m or physical crossing facility not controlled by authorised person","No physical crossing facility within 50m","At scene","55.96746,-3.1826"
696712,,Slight,1,1,08/12/2012,Saturday,8,December,12,23,27,230,Unclassified,,"Single carriageway - 2 lanes",20,Crossroads,"Automatic Traffic Signal",C,,"Daylight: no street lighting","Raining (without high winds)",Dry,None,None,"No overtaking",325260,674300,520530,Junction,Pedestrian,363525,unset,EH21JX,"Control by other authorised person","Pedestrian phase at traffic signal junction","At scene","55.95589,-3.19858"
697112,,Slight,1,1,08/12/2012,Saturday,8,December,12,16,0,230,Unclassified,,"Single carriageway - 2 lanes",30,"'T' or staggered junction","Give way sign or markings",A,900,"Daylight: no street lighting","Fine (without high winds)",Dry,None,None,"No overtaking",326510,675030,523233,Junction,Pedestrian,363526,unset,EH74NZ,"Control by other authorised person","Pedestrian phase at traffic signal junction","At scene","55.96264,-3.17877"
697812,,Serious,1,1,05/12/2012,Wednesday,5,December,12,17,16,230,Unclassified,,"Single carriageway - 2 lanes",30,"'T' or staggered junction","Give way sign or markings",B,901,"Daylight: no street lighting","Fine (without high winds)",Dry,None,None,"No overtaking",325810,674560,520194,Junction,Pedestrian,363527,unset,EH13SB,"Control by other authorised person","Pedestrian phase at traffic signal junction","At scene","55.95831,-3.18986"
698512,,Slight,2,1,10/12/2012,Monday,10,December,12,11,40,230,C,,"One way Street",30,"'T' or staggered junction","Give way sign or markings",Unclassified,,"Daylight: no street lighting","Fine (without high winds)",Dry,None,None,"No overtaking",325710,673290,521535,Junction,Cyclist,363528,unset,EH11EY,"Control by other authorised person","Pedestrian phase at traffic signal junction","At scene","55.94689,-3.1911"
698712,,Fatal,1,1,10/12/2012,Monday,10,December,12,11,25,230,Unclassified,,"Single carriageway - 2 lanes",30,"Other junction","Give way sign or markings",Unclassified,,"Daylight: street lights present","Fine (without high winds)",Dry,None,None,"No overtaking",316310,666210,12218785,Junction,Pedestrian,363529,unset,EH147LA,"No crossing facility within 50m or physical crossing facility not controlled by authorised person","No physical crossing facility within 50m","At scene","55.88174,-3.33937"
698912,,Slight,2,2,10/12/2012,Monday,10,December,12,15,2,230,A,71,"Dual carriageway - 2 lanes",40,Roundabout,"Give way sign or markings",Unclassified,,"Daylight: street lights present","Fine (without high winds)",Dry,None,None,"No overtaking",320090,670840,529672,Junction,T.V.N.P.,363530,unset,EH114AJ,"No crossing facility within 50m or physical crossing facility not controlled by authorised person","No physical crossing facility within 50m","At scene","55.92398,-3.28034"
699112,,Slight,1,1,10/12/2012,Monday,10,December,12,15,25,230,Unclassified,,"Single carriageway - 2 lanes",30,"'T' or staggered junction","Give way sign or markings",Unclassified,,"Daylight: street lights present","Fine (without high winds)",Dry,None,None,"No overtaking",322540,675990,0,Unset,Pedestrian,363531,unset,EH44DA,"No crossing facility within 50m or physical crossing facility not controlled by authorised person","No physical crossing facility within 50m",Elsewhere,"55.97064,-3.24262"
699412,,Slight,1,1,10/12/2012,Monday,10,December,12,17,53,230,C,,"Single carriageway - 2 lanes",30,"Not at or within 20 metres of junction",unset,"\",,"Darkness: street lights present and lit","Fine (without high winds)",Dry,None,None,"No overtaking",322960,675680,559982,Segment,Pedestrian,363532,unset,EH42NT,"No crossing facility within 50m or physical crossing facility not controlled by authorised person","Pedestrian phase at traffic signal junction","At scene","55.96792,-3.23581"
700912,,Slight,1,1,10/12/2012,Monday,10,December,12,11,10,230,Unclassified,,"Single carriageway - 2 lanes",30,"Not at or within 20 metres of junction",unset,"\",,"Daylight: street lights present","Fine (without high winds)",Dry,None,None,"No overtaking",320340,670400,565295,Segment,Bus,363533,unset,EH142PB,"No crossing facility within 50m or physical crossing facility not controlled by authorised person","No physical crossing facility within 50m",Elsewhere,"55.92007,-3.27621"
701012,,Slight,1,1,11/12/2012,Tuesday,11,December,12,16,44,230,Unclassified,,"Single carriageway - 2 lanes",30,"Multiple junction","Give way sign or markings",Unclassified,,"Darkness: street lights present and lit",Other,Dry,None,None,"No overtaking",320550,670680,530437,Junction,Pedestrian,363534,unset,EH114RY,"No crossing facility within 50m or physical crossing facility not controlled by authorised person","Central refuge - no other controls","At scene","55.92262,-3.27293"
701612,,Slight,1,1,11/12/2012,Tuesday,11,December,12,17,30,230,A,702,"Single carriageway - 2 lanes",30,"'T' or staggered junction","Give way sign or markings",Unclassified,,"Darkness: street lights present and lit","Fine (without high winds)",Dry,None,None,"No overtaking",324920,672830,533344,Junction,Pedestrian,363535,unset,EH39NA,"No crossing facility within 50m or physical crossing facility not controlled by authorised person","Pelican, puffin, toucan or similar non-junction pedestrian light crossing","At scene","55.94263,-3.20362"
703012,,Slight,2,1,12/12/2012,Wednesday,12,December,12,7,30,230,Unclassified,,"Single carriageway - 2 lanes",30,"'T' or staggered junction","Give way sign or markings",Unclassified,,"Darkness: street lights present and lit","Fine (without high winds)",Dry,None,None,"No overtaking",325930,673790,10293610,Junction,T.V.N.P.,363536,unset,EH88DN,"No crossing facility within 50m or physical crossing facility not controlled by authorised person","Pelican, puffin, toucan or similar non-junction pedestrian light crossing","At scene","55.95142,-3.18772"
704112,,Serious,1,1,13/12/2012,Thursday,13,December,12,0,7,230,Unclassified,,"Single carriageway - 2 lanes",30,"Not at or within 20 metres of junction",unset,"\",,"Darkness: street lights present and lit","Fine (without high winds)",Dry,None,None,"No overtaking",326570,673620,0,Unset,Pedestrian,363537,unset,EH88AP,"No crossing facility within 50m or physical crossing facility not controlled by authorised person","No physical crossing facility within 50m","At scene","55.94999,-3.17743"
705712,,Slight,2,1,12/12/2012,Wednesday,12,December,12,15,15,230,A,901,"Single carriageway - 2 lanes",30,"Other junction","Automatic Traffic Signal",A,901,"Daylight: street lights present","Fine (without high winds)",Dry,None,None,"No overtaking",326450,676730,531307,Junction,Bus,363538,unset,EH66LA,"No crossing facility within 50m or physical crossing facility not controlled by authorised person","No physical crossing facility within 50m",Elsewhere,"55.9779,-3.1802"
706012,,Slight,2,1,13/12/2012,Thursday,13,December,12,10,15,230,Unclassified,,"Single carriageway - 2 lanes",30,Crossroads,"Give way sign or markings",Unclassified,,"Daylight: street lights present","Fine (without high winds)",Dry,None,None,"No overtaking",324120,673630,10258603,Junction,T.V.N.P.,363539,unset,EH37RA,"No crossing facility within 50m or physical crossing facility not controlled by authorised person","Pedestrian phase at traffic signal junction","At scene","55.9497,-3.21665"
707012,,Slight,1,1,13/12/2012,Thursday,13,December,12,19,30,230,Unclassified,,"Single carriageway - 2 lanes",30,"'T' or staggered junction","Give way sign or markings",A,1,"Darkness: street lights present and lit","Fine (without high winds)",Dry,None,None,"No overtaking",328260,674150,523383,Junction,Pedestrian,363540,unset,EH87AD,"No crossing facility within 50m or physical crossing facility not controlled by authorised person","Pedestrian phase at traffic signal junction","At scene","55.955,-3.15051"
707112,,Slight,1,1,13/12/2012,Thursday,13,December,12,14,30,230,Unclassified,,"Single carriageway - 2 lanes",30,"'T' or staggered junction","Give way sign or markings",Unclassified,,"Daylight: street lights present","Fine (without high winds)",Dry,None,None,"No overtaking",324530,671200,530419,Junction,Pedestrian,363541,unset,EH104QT,"No crossing facility within 50m or physical crossing facility not controlled by authorised person","No physical crossing facility within 50m","At scene","55.92793,-3.2094"
707312,,Slight,2,1,13/12/2012,Thursday,13,December,12,15,11,230,A,720,Roundabout,30,Roundabout,"Give way sign or markings",A,701,"Daylight: street lights present","Fine (without high winds)",Dry,None,None,"No overtaking",327410,666980,2587878,Junction,T.V.N.P.,363542,unset,EH178SG,"No crossing facility within 50m or physical crossing facility not controlled by authorised person","No physical crossing facility within 50m","At scene","55.89046,-3.16219"
708012,,Slight,2,1,14/12/2012,Friday,14,December,12,13,15,230,A,901,"Single carriageway - 2 lanes",30,Crossroads,"Automatic Traffic Signal",B,900,"Daylight: street lights present","Fine (without high winds)",Dry,None,None,"No overtaking",326730,676170,531355,Junction,T.V.N.P.,363543,unset,EH65LE,"Control by school crossing patrol","Pedestrian phase at traffic signal junction","At scene","55.97291,-3.17556"
708412,,Slight,1,1,14/12/2012,Friday,14,December,12,16,0,230,A,7,"Single carriageway - 2 lanes",30,"Other junction","Automatic Traffic Signal",Unclassified,,"Darkness: street lights present and lit","Raining (without high winds)",Dry,None,None,"No overtaking",326350,672580,532690,Junction,Pedestrian,363544,unset,EH89PR,"No crossing facility within 50m or physical crossing facility not controlled by authorised person","Pedestrian phase at traffic signal junction","At scene","55.94061,-3.18067"
709012,,Serious,1,1,14/12/2012,Friday,14,December,12,18,0,230,Unclassified,,"Single carriageway - 2 lanes",30,"'T' or staggered junction","Give way sign or markings",Unclassified,,"Darkness: street lights present and lit","Raining (without high winds)",Dry,None,None,"No overtaking",323750,670460,12227733,Junction,Pedestrian,363545,unset,EH105PU,"No crossing facility within 50m or physical crossing facility not controlled by authorised person","No physical crossing facility within 50m","At scene","55.92116,-3.22168"
709312,,Serious,1,1,14/12/2012,Friday,14,December,12,18,22,230,C,,"Single carriageway - 2 lanes",30,"'T' or staggered junction","Give way sign or markings",Unclassified,,"Darkness: street lights present and lit","Raining (without high winds)",Dry,None,None,"No overtaking",325300,673300,521484,Junction,Cyclist,363546,unset,EH12HY,"No crossing facility within 50m or physical crossing facility not controlled by authorised person","Pelican, puffin, toucan or similar non-junction pedestrian light crossing","At scene","55.94692,-3.19766"
709512,,Slight,2,1,14/12/2012,Friday,14,December,12,19,45,230,C,,"Single carriageway - 2 lanes",30,"Not at or within 20 metres of junction",unset,"\",,"Darkness: street lights present and lit","Raining (without high winds)",Dry,None,None,"No overtaking",319420,672640,564415,Segment,T.V.N.P.,363547,unset,EH127UH,"No crossing facility within 50m or physical crossing facility not controlled by authorised person","Pedestrian phase at traffic signal junction","At scene","55.94004,-3.29159"
709612,,Slight,1,1,14/12/2012,Friday,14,December,12,23,35,230,A,702,"Dual carriageway - 2 lanes",30,"Not at or within 20 metres of junction",unset,"\",,"Darkness: street lights present and lit","Raining (without high winds)",Dry,None,None,"No overtaking",324890,672980,549192,Segment,Pedestrian,363548,unset,EH39BN,"No crossing facility within 50m or physical crossing facility not controlled by authorised person","Pedestrian phase at traffic signal junction","At scene","55.94398,-3.20414"
710312,,Slight,2,1,14/12/2012,Friday,14,December,12,18,0,230,Unclassified,,"Single carriageway - 2 lanes",30,"'T' or staggered junction","Give way sign or markings",Unclassified,,"Darkness: street lights present and lit","Raining (without high winds)",Dry,None,None,"No overtaking",325360,674710,0,Unset,Cyclist,363549,unset,EH36RZ,"No crossing facility within 50m or physical crossing facility not controlled by authorised person","No physical crossing facility within 50m",Elsewhere,"55.95959,-3.19709"
711012,,Slight,1,1,15/12/2012,Saturday,15,December,12,14,50,230,Unclassified,,"Dual carriageway - 2 lanes",30,"Not at or within 20 metres of junction",unset,"\",,"Daylight: street lights present","Fine (without high winds)",Dry,None,None,"No overtaking",325420,673890,551196,Segment,Bus,363550,unset,EH22DF,"No crossing facility within 50m or physical crossing facility not controlled by authorised person","Pelican, puffin, toucan or similar non-junction pedestrian light crossing","At scene","55.95224,-3.19591"
711212,,Slight,1,1,15/12/2012,Saturday,15,December,12,15,50,230,C,,"Single carriageway - 2 lanes",30,"Not at or within 20 metres of junction",unset,"\",,"Darkness: street lights present and lit","Fine (without high winds)",Dry,None,None,"No overtaking",320200,672170,564454,Segment,Pedestrian,363551,unset,EH127DP,"No crossing facility within 50m or physical crossing facility not controlled by authorised person","No physical crossing facility within 50m",Elsewhere,"55.93594,-3.27897"
711912,,Slight,1,1,16/12/2012,Sunday,16,December,12,9,20,230,A,90,"Single carriageway - 3 lanes",40,"Slip road","Give way sign or markings",Unclassified,,"Daylight: no street lighting","Fine (without high winds)",Dry,None,None,"No overtaking",317280,676040,517447,Junction,S.V.N.P.,363552,unset,EH309TJ,"No crossing facility within 50m or physical crossing facility not controlled by authorised person","No physical crossing facility within 50m","At scene","55.97021,-3.32689"
712312,,Slight,2,1,14/12/2012,Friday,14,December,12,16,5,230,C,,"Single carriageway - 2 lanes",30,Crossroads,"Automatic Traffic Signal",C,,"Darkness: street lights present and lit","Raining (without high winds)",Dry,None,None,"No overtaking",325290,674200,520521,Junction,T.V.N.P.,363553,unset,EH21JX,"No crossing facility within 50m or physical crossing facility not controlled by authorised person","No physical crossing facility within 50m",Elsewhere,"55.955,-3.19807"
712512,,Slight,1,1,14/12/2012,Friday,14,December,12,19,14,230,A,7,"Single carriageway - 2 lanes",30,"'T' or staggered junction","Give way sign or markings",Unclassified,,"Darkness: no street lighting","Fine (without high winds)",Dry,None,None,"No overtaking",326100,673170,521580,Junction,Pedestrian,363554,unset,EH89BZ,"Control by other authorised person","Pedestrian phase at traffic signal junction",Elsewhere,"55.94587,-3.18483"
712812,,Slight,1,1,16/12/2012,Sunday,16,December,12,16,0,230,A,7,"Single carriageway - 2 lanes",30,"Not at or within 20 metres of junction",unset,"\",,"Daylight: no street lighting","Fine (without high winds)",Dry,None,None,"No overtaking",325910,673740,569273,Segment,Pedestrian,363555,unset,EH11QG,"No crossing facility within 50m or physical crossing facility not controlled by authorised person","Pelican, puffin, toucan or similar non-junction pedestrian light crossing","At scene","55.95096,-3.18803"
713512,,Slight,2,1,14/12/2012,Friday,14,December,12,22,37,230,C,,"Single carriageway - 2 lanes",30,"Not at or within 20 metres of junction",unset,"\",,"Daylight: no street lighting","Raining (without high winds)",Dry,None,None,"No overtaking",322620,676670,559670,Segment,T.V.N.P.,363556,unset,EH51QW,"Control by other authorised person","Pedestrian phase at traffic signal junction","At scene","55.97676,-3.24154"
713712,,Slight,1,1,15/12/2012,Saturday,15,December,12,1,45,230,C,,"Single carriageway - 2 lanes",20,Crossroads,"Automatic Traffic Signal",C,,"Daylight: no street lighting","Fine (without high winds)",Dry,None,None,"No overtaking",325290,674210,520521,Junction,Pedestrian,363557,unset,EH21JX,"Control by other authorised person","Pedestrian phase at traffic signal junction",Elsewhere,"55.95509,-3.19808"
714312,,Slight,2,1,15/12/2012,Saturday,15,December,12,17,50,230,Unclassified,,"Single carriageway - 2 lanes",30,"Multiple junction","Automatic Traffic Signal",Unclassified,,"Darkness: street lights present and lit","Fine (without high winds)",Dry,None,None,"No overtaking",324500,670890,529831,Junction,T.V.N.P.,363558,unset,EH105QE,"No crossing facility within 50m or physical crossing facility not controlled by authorised person","Pedestrian phase at traffic signal junction",Elsewhere,"55.92514,-3.2098"
714712,,Slight,1,1,02/11/2012,Friday,2,November,12,8,50,230,Unclassified,,"Single carriageway - 2 lanes",20,"'T' or staggered junction","Give way sign or markings",Unclassified,,"Daylight: street lights present","Fine (without high winds)",Dry,None,None,"No overtaking",325500,676220,519250,Junction,Pedestrian,363318,unset,EH64RE,"No crossing facility within 50m or physical crossing facility not controlled by authorised person","No physical crossing facility within 50m",Elsewhere,"55.97317,-3.19528"
714912,,Slight,2,1,17/12/2012,Monday,17,December,12,9,55,230,A,70,"Single carriageway - 2 lanes",30,"'T' or staggered junction","Give way sign or markings",Unclassified,,"Daylight: street lights present","Fine (without high winds)",Dry,None,None,"No overtaking",323590,672590,521784,Junction,T.V.N.P.,363559,unset,EH112ES,"No crossing facility within 50m or physical crossing facility not controlled by authorised person","No physical crossing facility within 50m","At scene","55.94027,-3.22484"
715412,,Slight,2,1,17/12/2012,Monday,17,December,12,16,45,230,C,,"Single carriageway - 2 lanes",30,"'T' or staggered junction","Give way sign or markings",Unclassified,,"Darkness: street lights present and lit","Fine (without high winds)",Dry,None,None,"No overtaking",326270,673730,521163,Junction,Cyclist,363560,unset,EH88DQ,"No crossing facility within 50m or physical crossing facility not controlled by authorised person","No physical crossing facility within 50m",Elsewhere,"55.95093,-3.18226"
717312,,Slight,1,1,18/12/2012,Tuesday,18,December,12,10,15,230,A,720,"Dual carriageway - 2 lanes",50,"Slip road","Give way sign or markings",A,720,"Daylight: street lights present","Fine (without high winds)",Dry,None,None,"No overtaking",318270,670830,9657925,Junction,S.V.N.P.,363561,unset,EH129BU,"No crossing facility within 50m or physical crossing facility not controlled by authorised person","No physical crossing facility within 50m","At scene","55.92358,-3.30945"
719112,,Slight,1,1,30/11/2012,Friday,30,November,12,5,30,230,A,90,"Single carriageway - 2 lanes",40,"Not at or within 20 metres of junction",unset,"\",,"Darkness: street lights present and lit","Fine (without high winds)",Dry,"Road marking defective or obscured","Other object in carriageway","No overtaking",318370,675000,555447,Segment,S.V.N.P.,363319,unset,EH46AT,"No crossing facility within 50m or physical crossing facility not controlled by authorised person","Pedestrian phase at traffic signal junction","At scene","55.96105,-3.30911"
719312,,Slight,4,1,19/12/2012,Wednesday,19,December,12,10,0,230,C,,"Single carriageway - 2 lanes",30,"Not at or within 20 metres of junction",unset,"\",,"Daylight: street lights present","Fine (without high winds)",Dry,None,None,"No overtaking",326610,671460,563149,Segment,M.V.N.P.,363562,unset,EH93AA,"No crossing facility within 50m or physical crossing facility not controlled by authorised person","Pedestrian phase at traffic signal junction","At scene","55.93059,-3.1762"
720012,,Slight,2,1,18/12/2012,Tuesday,18,December,12,17,35,230,Unclassified,,"Single carriageway - 2 lanes",30,"Not at or within 20 metres of junction",unset,"\",,"Darkness: street lights present and lit","Fine (without high winds)",Dry,None,None,"No overtaking",323920,669420,564902,Segment,Cyclist,363563,unset,EH139JP,"No crossing facility within 50m or physical crossing facility not controlled by authorised person","No physical crossing facility within 50m",Elsewhere,"55.91184,-3.21866"
720112,,Slight,2,1,18/12/2012,Tuesday,18,December,12,18,24,230,Unclassified,,"Single carriageway - 2 lanes",30,Mini-roundabout,"Give way sign or markings",Unclassified,,"Darkness: street lights present and lit","Fine (without high winds)",Dry,None,None,"No overtaking",324290,675500,12232951,Junction,T.V.N.P.,363564,unset,EH35PA,"No crossing facility within 50m or physical crossing facility not controlled by authorised person","Zebra crossing","At scene","55.96652,-3.21445"
721812,,Slight,2,3,13/12/2012,Thursday,13,December,12,14,40,230,Unclassified,,"Single carriageway - 2 lanes",30,Crossroads,"Give way sign or markings",Unclassified,,"Daylight: street lights present","Fine (without high winds)",Dry,None,None,"No overtaking",331320,672910,523743,Junction,T.V.N.P.,363565,unset,EH152ND,"No crossing facility within 50m or physical crossing facility not controlled by authorised person","Pelican, puffin, toucan or similar non-junction pedestrian light crossing","At scene","55.94431,-3.1012"
722512,,Slight,2,1,20/12/2012,Thursday,20,December,12,9,0,230,A,702,"Single carriageway - 2 lanes",30,"Multiple junction","Give way sign or markings",Unclassified,,"Daylight: street lights present","Raining (without high winds)",Dry,None,None,"No overtaking",324510,672060,522024,Junction,T.V.N.P.,363566,unset,EH104DE,"No crossing facility within 50m or physical crossing facility not controlled by authorised person","Pelican, puffin, toucan or similar non-junction pedestrian light crossing","At scene","55.93565,-3.20996"
723312,,Slight,2,1,20/12/2012,Thursday,20,December,12,18,30,230,Unclassified,,"Single carriageway - 2 lanes",30,"'T' or staggered junction","Give way sign or markings",C,,"Darkness: street lights present and lit","Raining (without high winds)",Dry,None,None,"No overtaking",322160,675610,519370,Junction,T.V.N.P.,363567,unset,EH44PH,"No crossing facility within 50m or physical crossing facility not controlled by authorised person","No physical crossing facility within 50m","At scene","55.96716,-3.2486"
723712,,Slight,2,1,20/12/2012,Thursday,20,December,12,13,40,230,C,,"Single carriageway - 2 lanes",30,Crossroads,"Automatic Traffic Signal",Unclassified,,"Daylight: street lights present","Fine (without high winds)",Dry,None,None,"No overtaking",326150,673700,521157,Junction,T.V.N.P.,363568,unset,EH11TB,"No crossing facility within 50m or physical crossing facility not controlled by authorised person","Pedestrian phase at traffic signal junction","At scene","55.95064,-3.18417"
724112,,Slight,2,1,21/12/2012,Friday,21,December,12,8,40,230,Unclassified,,Roundabout,30,Roundabout,"Give way sign or markings",Unclassified,,"Darkness: street lights present and lit","Raining (without high winds)",Dry,None,None,"No overtaking",322970,675740,519400,Junction,T.V.N.P.,363569,unset,EH42NY,"No crossing facility within 50m or physical crossing facility not controlled by authorised person","Pedestrian phase at traffic signal junction","At scene","55.96846,-3.23566"
724912,,Slight,2,2,20/12/2012,Thursday,20,December,12,14,45,230,A,6095,"Single carriageway - 2 lanes",30,Crossroads,"Automatic Traffic Signal",A,6106,"Darkness: street lights present and lit","Fine (without high winds)",Dry,None,None,"No overtaking",330520,671750,530050,Junction,T.V.N.P.,363570,unset,EH153HH,"No crossing facility within 50m or physical crossing facility not controlled by authorised person","Pedestrian phase at traffic signal junction","At scene","55.93377,-3.1137"
725312,,Slight,1,1,21/12/2012,Friday,21,December,12,13,25,230,Unclassified,,"Single carriageway - 2 lanes",30,Crossroads,"Automatic Traffic Signal",Unclassified,,"Daylight: no street lighting","Raining (without high winds)",Dry,None,None,"No overtaking",328340,674150,523374,Junction,Pedestrian,363571,unset,EH87AA,"No crossing facility within 50m or physical crossing facility not controlled by authorised person","Pedestrian phase at traffic signal junction","At scene","55.95502,-3.14923"
726412,,Slight,2,2,22/12/2012,Saturday,22,December,12,11,30,230,B,701,"Single carriageway - 2 lanes",30,"'T' or staggered junction","Give way sign or markings",Unclassified,,"Daylight: street lights present","Raining (without high winds)",Dry,None,None,"No overtaking",327740,668220,530296,Junction,T.V.N.P.,363572,unset,EH178DT,"No crossing facility within 50m or physical crossing facility not controlled by authorised person","No physical crossing facility within 50m",Elsewhere,"55.90165,-3.15725"
726912,,Serious,1,1,22/12/2012,Saturday,22,December,12,11,0,230,A,7,"Single carriageway - 2 lanes",30,"Not at or within 20 metres of junction",unset,"\",,"Daylight: street lights present","Raining (without high winds)",Dry,None,None,"No overtaking",326120,673120,569282,Segment,Pedestrian,363573,unset,EH89BZ,"No crossing facility within 50m or physical crossing facility not controlled by authorised person","Central refuge - no other controls","At scene","55.94543,-3.1845"
729412,,Slight,2,1,23/12/2012,Sunday,23,December,12,23,0,230,A,70,"Single carriageway - 2 lanes",30,"'T' or staggered junction","Give way sign or markings",Unclassified,,"Daylight: no street lighting","Raining (without high winds)",Dry,None,None,"No overtaking",322900,671790,522243,Junction,T.V.N.P.,363574,unset,EH111QY,"Control by other authorised person","Pedestrian phase at traffic signal junction","At scene","55.93297,-3.23566"
729712,,Slight,1,1,24/12/2012,Monday,24,December,12,5,55,230,A,1,"Single carriageway - 2 lanes",20,"'T' or staggered junction","Give way sign or markings",A,1,"Daylight: no street lighting","Raining (without high winds)",Dry,None,None,"No overtaking",326100,674080,520650,Junction,S.V.N.P.,363575,unset,EH75AA,"Control by other authorised person","Pedestrian phase at traffic signal junction","At scene","55.95405,-3.18508"
731812,,Slight,2,1,24/12/2012,Monday,24,December,12,15,10,230,Unclassified,,"Single carriageway - 2 lanes",30,"'T' or staggered junction","Give way sign or markings",Unclassified,,"Darkness: street lights present and lit","Raining (without high winds)",Dry,None,None,"No overtaking",327810,674250,2306885,Junction,Bus,363576,unset,EH76AE,"No crossing facility within 50m or physical crossing facility not controlled by authorised person","No physical crossing facility within 50m","At scene","55.95583,-3.15774"
733512,,Slight,3,1,25/12/2012,Tuesday,25,December,12,13,0,230,Motorway,8,Roundabout,30,Roundabout,"Automatic Traffic Signal",Motorway,8,"Daylight: no street lighting","Fine (without high winds)",Dry,None,None,"No overtaking",318050,670940,6453338,Junction,M.V.N.P.,363577,unset,EH129BU,"Control by other authorised person","Pedestrian phase at traffic signal junction","At scene","55.92453,-3.31301"
734512,,Slight,2,2,25/12/2012,Tuesday,25,December,12,16,0,230,Unclassified,,"Single carriageway - 2 lanes",30,Crossroads,"Automatic Traffic Signal",C,,"Darkness: street lights present but unlit","Fine (without high winds)",Dry,None,None,"No overtaking",322590,670360,529981,Junction,T.V.N.P.,363578,unset,EH141DW,"No crossing facility within 50m or physical crossing facility not controlled by authorised person","Pedestrian phase at traffic signal junction","At scene","55.92007,-3.24021"
735412,,Serious,2,3,26/12/2012,Wednesday,26,December,12,21,50,230,Unclassified,,"Single carriageway - 2 lanes",30,Crossroads,"Give way sign or markings",Unclassified,,"Darkness: street lights present but unlit",Unknown,Dry,None,None,"No overtaking",324220,673710,10258599,Junction,T.V.N.P.,363579,unset,EH37HR,"No crossing facility within 50m or physical crossing facility not controlled by authorised person","No physical crossing facility within 50m","At scene","55.95043,-3.21507"
736212,,Slight,2,1,11/12/2012,Tuesday,11,December,12,14,0,230,A,8,"Single carriageway - 2 lanes",30,Crossroads,"Automatic Traffic Signal",A,90,"Daylight: street lights present",Unknown,Dry,None,None,"No overtaking",324780,673700,520929,Junction,T.V.N.P.,363580,unset,EH24BL,"No crossing facility within 50m or physical crossing facility not controlled by authorised person","Pedestrian phase at traffic signal junction",Elsewhere,"55.95043,-3.2061"
739212,,Slight,1,1,29/12/2012,Saturday,29,December,12,18,10,230,Unclassified,,"Single carriageway - 2 lanes",30,"Not at or within 20 metres of junction",unset,"\",,"Darkness: street lights present and lit","Fine with high winds",Dry,None,None,"No overtaking",320260,669820,565043,Segment,Pedestrian,363581,unset,EH143AQ,"No crossing facility within 50m or physical crossing facility not controlled by authorised person","Central refuge - no other controls","At scene","55.91484,-3.27731"
739912,,Slight,1,1,29/12/2012,Saturday,29,December,12,13,35,230,C,,"Single carriageway - 2 lanes",30,"Not at or within 20 metres of junction",unset,"\",,"Daylight: street lighting unknown","Raining with high winds",Dry,None,None,"No overtaking",325520,673080,567135,Segment,Bus,363582,unset,EH39EE,"No crossing facility within 50m or physical crossing facility not controlled by authorised person","No physical crossing facility within 50m",Elsewhere,"55.94497,-3.19408"
740012,,Slight,3,1,30/12/2012,Sunday,30,December,12,15,9,230,Unclassified,,"Single carriageway - 2 lanes",30,"Not at or within 20 metres of junction",unset,"\",,"Daylight: street lights present","Raining with high winds",Dry,None,None,"No overtaking",323960,675910,2580740,Segment,M.V.N.P.,363583,unset,EH52PR,"No crossing facility within 50m or physical crossing facility not controlled by authorised person","No physical crossing facility within 50m","At scene","55.97014,-3.21985"
740312,,Slight,1,1,28/12/2012,Friday,28,December,12,16,30,230,A,90,"Single carriageway - 2 lanes",30,"Not at or within 20 metres of junction",unset,"\",,"Darkness: street lights present and lit","Fine (without high winds)",Dry,None,None,"No overtaking",321370,674970,555672,Segment,Pedestrian,363584,unset,EH45EG,"No crossing facility within 50m or physical crossing facility not controlled by authorised person","Pelican, puffin, toucan or similar non-junction pedestrian light crossing","At scene","55.96129,-3.26107"